ks_stat	p.value	Condition	sample_name	cutoff
0.6339285714285716	5.018781671198562e-8	im_rm	im1_rm3	0.72
