ks_stat	p.value	Condition	sample_name	cutoff
0.5714869281045741	9.0428563113091e-29	im_gf	im1_gf1	0.1
