ks_stat	p.value	Condition	sample_name	cutoff
0.8256578947368389	3.1527764847185347e-65	im_rm	im1_rm2	0.19
