ks_stat	p.value	Condition	sample_name	cutoff
0.9375000000000001	5.249407622793356e-10	im_gf	im1_gf2	0.34
