ks_stat	p.value	Condition	sample_name	cutoff
0.22559523809523835	3.875675652674187e-6	im_gf	im1_gf3	0.14
