ks_stat	p.value	Condition	sample_name	cutoff
0.19642857142857129	0.11425925118817046	im_gf	im1_gf3	0.42
