ks_stat	p.value	Condition	sample_name	cutoff
0.6874999999999999	0.0024089663819403867	im_rm	im1_rm2	0.8
