ks_stat	p.value	Condition	sample_name	cutoff
0.5660714285714278	2.1502973453535473e-36	im_rm	im1_rm2	0.32
