ks_stat	p.value	Condition	sample_name	cutoff
0.6037549407114602	6.788473371086046e-48	im_rm	im1_rm2	0.29
