ks_stat	p.value	Condition	sample_name	cutoff
0.47619047619047616	1.1021194154547572e-5	im_rm	im1_rm1	0.62
