ks_stat	p.value	Condition	sample_name	cutoff
0.9375000000000001	1.5058317857369807e-42	im_rm	im1_rm3	0.18
