ks_stat	p.value	Condition	sample_name	cutoff
0.5347222222222225	1.541447293669501e-9	im_gf	im1_gf2	0.14
