ks_stat	p.value	Condition	sample_name	cutoff
0.5416666666666666	8.173721664192572e-5	im_rm	im1_rm1	0.68
