ks_stat	p.value	Condition	sample_name	cutoff
0.5312499999999998	2.827294546338393e-7	im_rm	im1_rm1	0.44
