ks_stat	p.value	Condition	sample_name	cutoff
0.9374999999999999	9.603841536614643e-4	im_gf	im1_gf2	0.75
