ks_stat	p.value	Condition	sample_name	cutoff
0.5486111111111115	1.96246985706751e-9	im_gf	im1_gf1	0.21
