ks_stat	p.value	Condition	sample_name	cutoff
0.9375000000000006	9.107428293336427e-30	im_rm	im1_rm3	0.13
