ks_stat	p.value	Condition	sample_name	cutoff
0.5988636363636363	1.4034707231719094e-16	im_gf	im1_gf4	0.24
