ks_stat	p.value	Condition	sample_name	cutoff
0.26666666666666666	0.08893906603808897	im_rm	im1_rm1	0.33
