ks_stat	p.value	Condition	sample_name	cutoff
0.2589285714285714	0.0453784434134309	im_rm	im1_rm4	0.48
