ks_stat	p.value	Condition	sample_name	cutoff
0.37500000000000155	4.664701189823054e-6	im_rm	im1_rm4	0.36
