ks_stat	p.value	Condition	sample_name	cutoff
0.6491776315789485	4.592282064887282e-44	im_rm	im1_rm2	0.28
