ks_stat	p.value	Condition	sample_name	cutoff
0.30000000000000004	0.11523406982278324	im_rm	im1_rm1	0.32
