ks_stat	p.value	Condition	sample_name	cutoff
0.4999999999999999	0.035553689353742784	im_rm	im1_rm1	0.77
