ks_stat	p.value	Condition	sample_name	cutoff
0.7062500000000002	3.22021840739342e-19	im_rm	im1_rm3	0.56
