ks_stat	p.value	Condition	sample_name	cutoff
0.6362179487179488	2.273864352542269e-20	im_gf	im1_gf4	0.18
