ks_stat	p.value	Condition	sample_name	cutoff
0.26666666666666666	0.09122048985164083	im_rm	im1_rm1	0.36
