ks_stat	p.value	Condition	sample_name	cutoff
0.475000000000001	1.2154776567209107e-8	im_rm	im1_rm2	0.58
