ks_stat	p.value	Condition	sample_name	cutoff
0.18750000000000017	0.4074953118196062	im_rm	im1_rm4	0.52
