ks_stat	p.value	Condition	sample_name	cutoff
0.37499999999999967	1.351256993116605e-4	im_rm	im1_rm1	0.41
