ks_stat	p.value	Condition	sample_name	cutoff
0.18986742424242406	0.057952858159266506	im_gf	im1_gf3	0.23
