ks_stat	p.value	Condition	sample_name	cutoff
0.680555555555556	2.7322075489446448e-14	im_rm	im1_rm3	0.61
