ks_stat	p.value	Condition	sample_name	cutoff
0.5694444444444446	6.674288300328543e-11	im_rm	im1_rm1	0.48
