ks_stat	p.value	Condition	sample_name	cutoff
0.5928030303030299	2.0370173365985002e-15	im_rm	im1_rm3	0.49
