ks_stat	p.value	Condition	sample_name	cutoff
0.5569444444444445	4.5547171359270815e-12	im_gf	im1_gf4	0.25
