ks_stat	p.value	Condition	sample_name	cutoff
0.7529761904761896	4.129285548302284e-69	im_rm	im1_rm2	0.21
