ks_stat	p.value	Condition	sample_name	cutoff
0.5000000000000006	1.7749689448602764e-14	im_rm	im1_rm4	0.32
