ks_stat	p.value	Condition	sample_name	cutoff
0.5748626373626374	5.325378174006634e-19	im_gf	im1_gf1	0.13
