ks_stat	p.value	Condition	sample_name	cutoff
0.49999999999999717	4.3208133872178676e-11	im_rm	im1_rm3	0.28
