ks_stat	p.value	Condition	sample_name	cutoff
0.6449175824175821	8.381848989516098e-24	im_rm	im1_rm3	0.2
