ks_stat	p.value	Condition	sample_name	cutoff
0.22499999999999998	0.20159191281878341	im_gf	im1_gf3	0.48
