ks_stat	p.value	Condition	sample_name	cutoff
0.7312500000000002	6.378337684998923e-21	im_rm	im1_rm3	0.36
