ks_stat	p.value	Condition	sample_name	cutoff
0.7022058823529397	2.943943829566327e-39	im_gf	im1_gf4	0.11
