ks_stat	p.value	Condition	sample_name	cutoff
0.5240384615384622	5.88772662404176e-14	im_rm	im1_rm2	0.54
