ks_stat	p.value	Condition	sample_name	cutoff
0.7791666666666662	6.076768474061535e-39	im_rm	im1_rm2	0.52
