ks_stat	p.value	Condition	sample_name	cutoff
0.43749999999999983	0.0019049848986901854	im_rm	im1_rm1	0.15
