ks_stat	p.value	Condition	sample_name	cutoff
0.6344696969696964	1.3409804427198091e-17	im_gf	im1_gf1	0.2
