ks_stat	p.value	Condition	sample_name	cutoff
0.8235294117647038	7.786177493142815e-54	im_rm	im1_rm2	0.15
