ks_stat	p.value	Condition	sample_name	cutoff
0.5000000000000009	2.753215601018084e-16	im_rm	im1_rm4	0.30
