ks_stat	p.value	Condition	sample_name	cutoff
0.43750000000000133	7.411916327649998e-10	im_rm	im1_rm4	0.29
