ks_stat	p.value	Condition	sample_name	cutoff
0.642857142857143	7.330740684204878e-10	im_gf	im1_gf4	0.28
