ks_stat	p.value	Condition	sample_name	cutoff
0.9374999999999987	9.884641425821223e-44	im_rm	im1_rm4	0.1
