ks_stat	p.value	Condition	sample_name	cutoff
0.5000000000000011	0.00462402422588167	im_rm	im1_rm1	0.69
