ks_stat	p.value	Condition	sample_name	cutoff
0.5988636363636364	3.17751820851441e-16	im_rm	im1_rm3	0.31
