ks_stat	p.value	Condition	sample_name	cutoff
0.46726190476190477	4.889359077792273e-5	im_rm	im1_rm1	0.12
