ks_stat	p.value	Condition	sample_name	cutoff
0.2083333333333333	0.8651620648259303	im_rm	im1_rm4	0.9
