ks_stat	p.value	Condition	sample_name	cutoff
0.714460784313724	9.993884581658978e-45	im_rm	im1_rm2	0.26
