ks_stat	p.value	Condition	sample_name	cutoff
0.500000000000001	2.753215601018045e-16	im_rm	im1_rm4	0.26
