ks_stat	p.value	Condition	sample_name	cutoff
0.6567982456140335	1.9695797671801523e-41	im_gf	im1_gf4	0.1
