ks_stat	p.value	Condition	sample_name	cutoff
0.36249999999999977	0.06115248960972613	im_gf	im1_gf3	0.58
