ks_stat	p.value	Condition	sample_name	cutoff
0.20833333333333331	0.9494357743097235	im_gf	im1_gf3	0.75
