ks_stat	p.value	Condition	sample_name	cutoff
0.500000000000001	1.7749689448601757e-14	im_rm	im1_rm4	0.27
