ks_stat	p.value	Condition	sample_name	cutoff
0.812499999999997	3.528977042139547e-63	im_rm	im1_rm2	0.46
