ks_stat	p.value	Condition	sample_name	cutoff
0.6125000000000002	4.762710942329932e-27	im_gf	im1_gf1	0.11
