ks_stat	p.value	Condition	sample_name	cutoff
0.7083333333333337	2.9328237853356583e-15	im_rm	im1_rm3	0.35
