ks_stat	p.value	Condition	sample_name	cutoff
0.937499999999999	8.490830042212427e-63	im_rm	im1_rm4	0.11
