ks_stat	p.value	Condition	sample_name	cutoff
0.5437091503267966	4.4136234656570323e-26	im_rm	im1_rm4	0.2
