ks_stat	p.value	Condition	sample_name	cutoff
0.48172514619883045	1.7452883947981962e-22	im_rm	im1_rm4	0.21
