ks_stat	p.value	Condition	sample_name	cutoff
0.6428571428571428	7.356641799403375e-10	im_gf	im1_gf1	0.32
