ks_stat	p.value	Condition	sample_name	cutoff
0.49107142857142877	2.9383141818063362e-5	im_rm	im1_rm1	0.42
