ks_stat	p.value	Condition	sample_name	cutoff
0.6815476190476191	6.768389137856401e-30	im_gf	im1_gf4	0.13
