ks_stat	p.value	Condition	sample_name	cutoff
0.6303104575163386	6.62092273205638e-35	im_rm	im1_rm2	0.45
