ks_stat	p.value	Condition	sample_name	cutoff
0.5833333333333334	1.0932055365774387e-5	im_gf	im1_gf4	0.38
