ks_stat	p.value	Condition	sample_name	cutoff
0.5763888888888891	1.345674313659972e-10	im_rm	im1_rm1	0.45
