ks_stat	p.value	Condition	sample_name	cutoff
0.22499999999999998	0.19924745104109448	im_gf	im1_gf3	0.51
