ks_stat	p.value	Condition	sample_name	cutoff
0.4971590909090908	5.707154848183961e-11	im_gf	im1_gf2	0.1
