ks_stat	p.value	Condition	sample_name	cutoff
0.6136363636363632	1.724745482100837e-16	im_gf	im1_gf4	0.2
