ks_stat	p.value	Condition	sample_name	cutoff
0.6875000000000003	3.986228699565248e-5	im_rm	im1_rm2	0.73
