ks_stat	p.value	Condition	sample_name	cutoff
0.7013888888888892	2.9637323899826396e-15	im_rm	im1_rm3	0.58
