ks_stat	p.value	Condition	sample_name	cutoff
0.3333333333333331	0.03139304614274672	im_gf	im1_gf3	0.47
