ks_stat	p.value	Condition	sample_name	cutoff
0.6339285714285714	1.4344782417392055e-8	im_gf	im1_gf4	0.31
