ks_stat	p.value	Condition	sample_name	cutoff
0.6875000000000006	3.8509583874216255e-5	im_gf	im1_gf3	0.52
