ks_stat	p.value	Condition	sample_name	cutoff
0.6225490196078419	4.622151412159742e-34	im_rm	im1_rm4	0.18
