ks_stat	p.value	Condition	sample_name	cutoff
0.49999999999999695	4.3208133872179593e-11	im_rm	im1_rm4	0.34
