ks_stat	p.value	Condition	sample_name	cutoff
0.7255116959064309	1.8425390157926493e-50	im_rm	im1_rm2	0.27
