ks_stat	p.value	Condition	sample_name	cutoff
0.2422619047619046	3.7792393121830397e-4	im_gf	im1_gf3	0.21
