ks_stat	p.value	Condition	sample_name	cutoff
0.6362179487179487	2.2738643525423175e-20	im_gf	im1_gf4	0.21
