ks_stat	p.value	Condition	sample_name	cutoff
0.6222039473684222	1.633565904147384e-40	im_rm	im1_rm2	0.39
