ks_stat	p.value	Condition	sample_name	cutoff
0.6559065934065933	1.3178577258296486e-24	im_gf	im1_gf4	0.15
