ks_stat	p.value	Condition	sample_name	cutoff
0.5694444444444435	1.4406238798443823e-28	im_rm	im1_rm2	0.47
