ks_stat	p.value	Condition	sample_name	cutoff
0.5833333333333335	6.672931955185537e-11	im_rm	im1_rm1	0.52
