ks_stat	p.value	Condition	sample_name	cutoff
0.5369152046783623	7.903098759423471e-28	im_rm	im1_rm2	0.37
