ks_stat	p.value	Condition	sample_name	cutoff
0.7255116959064306	1.8425390157928589e-50	im_rm	im1_rm4	0.17
