ks_stat	p.value	Condition	sample_name	cutoff
0.3666666666666669	1.6212632458354114e-15	im_gf	im1_gf3	0.11
