ks_stat	p.value	Condition	sample_name	cutoff
0.6875000000000004	2.877926056979863e-7	im_rm	im1_rm2	0.71
