ks_stat	p.value	Condition	sample_name	cutoff
0.5763888888888891	5.900169471143973e-11	im_rm	im1_rm1	0.46
