ks_stat	p.value	Condition	sample_name	cutoff
0.4622140522875813	5.7475761098605675e-19	im_rm	im1_rm4	0.25
