ks_stat	p.value	Condition	sample_name	cutoff
0.8124999999999999	2.0503983553187664e-4	im_gf	im1_gf3	0.56
