ks_stat	p.value	Condition	sample_name	cutoff
0.9375000000000004	8.031171650784548e-19	im_rm	im1_rm3	0.11
