ks_stat	p.value	Condition	sample_name	cutoff
0.5694444444444444	2.4546605173493684e-12	im_rm	im1_rm3	0.33
