ks_stat	p.value	Condition	sample_name	cutoff
0.18986742424242412	0.05795285815926638	im_gf	im1_gf3	0.24
