ks_stat	p.value	Condition	sample_name	cutoff
0.5416666666666666	6.871409749284788e-5	im_rm	im1_rm1	0.67
