ks_stat	p.value	Condition	sample_name	cutoff
0.17840909090909104	0.034199636349259196	im_gf	im1_gf3	0.27
