ks_stat	p.value	Condition	sample_name	cutoff
0.8194444444444425	1.056407453978698e-58	im_rm	im1_rm2	0.1
