ks_stat	p.value	Condition	sample_name	cutoff
0.6796874999999998	1.9471243521101795e-13	im_gf	im1_gf4	0.29
