ks_stat	p.value	Condition	sample_name	cutoff
0.47619047619047616	2.2969120666521886e-5	im_gf	im1_gf2	0.21
