ks_stat	p.value	Condition	sample_name	cutoff
0.8256578947368388	3.152776484718714e-65	im_rm	im1_rm2	0.17
