ks_stat	p.value	Condition	sample_name	cutoff
0.6102272727272728	1.4592899878020166e-16	im_gf	im1_gf1	0.18
