ks_stat	p.value	Condition	sample_name	cutoff
0.6736111111111117	7.619083983073556e-14	im_rm	im1_rm1	0.57
