ks_stat	p.value	Condition	sample_name	cutoff
0.7142857142857144	2.482449712883167e-11	im_rm	im1_rm1	0.18
