ks_stat	p.value	Condition	sample_name	cutoff
0.07500000000000001	0.6842031442429175	im_gf	im1_gf3	0.36
