ks_stat	p.value	Condition	sample_name	cutoff
0.7500000000000001	5.126797683581405e-25	im_rm	im1_rm3	0.37
