ks_stat	p.value	Condition	sample_name	cutoff
0.5735294117647048	2.4925362711789355e-26	im_rm	im1_rm2	0.41
