ks_stat	p.value	Condition	sample_name	cutoff
0.37499999999999967	3.0890005142728124e-4	im_rm	im1_rm4	0.42
