ks_stat	p.value	Condition	sample_name	cutoff
0.6874999999999997	0.03918367346938775	im_rm	im1_rm2	0.85
