ks_stat	p.value	Condition	sample_name	cutoff
0.562499999999999	2.4175980486952967e-25	im_rm	im1_rm2	0.49
