ks_stat	p.value	Condition	sample_name	cutoff
0.5694444444444444	2.454660438033731e-12	im_rm	im1_rm3	0.34
