ks_stat	p.value	Condition	sample_name	cutoff
0.25073099415204686	2.1139130994991827e-6	im_gf	im1_gf3	0.15
