ks_stat	p.value	Condition	sample_name	cutoff
0.3749999999999984	2.3672419727118395e-7	im_rm	im1_rm4	0.35
