ks_stat	p.value	Condition	sample_name	cutoff
0.591299019607842	9.05631345842657e-31	im_rm	im1_rm2	0.42
