ks_stat	p.value	Condition	sample_name	cutoff
0.31677631578947457	8.130760087805685e-11	im_gf	im1_gf3	0.1
