ks_stat	p.value	Condition	sample_name	cutoff
0.5505952380952385	1.167956529562657e-19	im_rm	im1_rm2	0.5
