ks_stat	p.value	Condition	sample_name	cutoff
0.2517857142857154	1.5308195890215444e-7	im_gf	im1_gf3	0.13
