ks_stat	p.value	Condition	sample_name	cutoff
0.6344696969696966	1.3409804427197902e-17	im_gf	im1_gf1	0.15
