ks_stat	p.value	Condition	sample_name	cutoff
0.4333333333333333	2.1529085738245375e-7	im_gf	im1_gf2	0.11
