ks_stat	p.value	Condition	sample_name	cutoff
0.49839743589743624	1.1526443521618885e-12	im_rm	im1_rm2	0.53
