ks_stat	p.value	Condition	sample_name	cutoff
0.4999999999999999	0.038924994538232685	im_rm	im1_rm4	0.62
