ks_stat	p.value	Condition	sample_name	cutoff
0.3333333333333333	0.005523993275327778	im_rm	im1_rm1	0.29
