ks_stat	p.value	Condition	sample_name	cutoff
0.6222222222222221	3.0887901984586997e-15	im_rm	im1_rm1	0.1
