ks_stat	p.value	Condition	sample_name	cutoff
0.49999999999999706	4.320813387217898e-11	im_rm	im1_rm3	0.27
