ks_stat	p.value	Condition	sample_name	cutoff
0.5972222222222222	5.80340371317756e-14	im_rm	im1_rm1	0.47
