ks_stat	p.value	Condition	sample_name	cutoff
0.7446428571428556	1.1483349872606302e-62	im_rm	im1_rm2	0.23
