ks_stat	p.value	Condition	sample_name	cutoff
0.6732142857142858	3.5217336645616227e-29	im_gf	im1_gf4	0.14
