ks_stat	p.value	Condition	sample_name	cutoff
0.5723958333333338	1.1222391725266552e-23	im_rm	im1_rm2	0.51
