ks_stat	p.value	Condition	sample_name	cutoff
0.6874999999999997	1.6331861235728065e-12	im_rm	im1_rm2	0.63
