ks_stat	p.value	Condition	sample_name	cutoff
0.9374999999999999	1.6016353764950933e-6	im_gf	im1_gf2	0.51
