ks_stat	p.value	Condition	sample_name	cutoff
0.15000000000000005	0.11179700589580646	im_gf	im1_gf3	0.25
