ks_stat	p.value	Condition	sample_name	cutoff
0.09999999999999998	0.9514863584401525	im_rm	im1_rm4	0.61
