ks_stat	p.value	Condition	sample_name	cutoff
0.7604166666666661	4.290562813374866e-25	im_rm	im1_rm3	0.54
