ks_stat	p.value	Condition	sample_name	cutoff
0.6484374999999998	1.664935127549263e-10	im_rm	im1_rm3	0.63
