ks_stat	p.value	Condition	sample_name	cutoff
0.836309523809522	6.208065790803882e-79	im_rm	im1_rm2	0.2
