ks_stat	p.value	Condition	sample_name	cutoff
0.5000000000000003	9.613006505719672e-13	im_rm	im1_rm3	0.23
