ks_stat	p.value	Condition	sample_name	cutoff
0.9375000000000006	6.06817065064217e-36	im_rm	im1_rm3	0.16
