ks_stat	p.value	Condition	sample_name	cutoff
0.5104166666666652	1.536533553439733e-11	im_rm	im1_rm2	0.55
