ks_stat	p.value	Condition	sample_name	cutoff
0.4999999999999995	0.2895078031212486	im_rm	im1_rm3	0.89
