ks_stat	p.value	Condition	sample_name	cutoff
0.7355263157894741	1.9093970607549673e-56	im_rm	im1_rm2	0.25
