ks_stat	p.value	Condition	sample_name	cutoff
0.24632352941176483	3.332163074847379e-5	im_gf	im1_gf3	0.18
