ks_stat	p.value	Condition	sample_name	cutoff
0.5546052631578957	2.822096542438594e-32	im_rm	im1_rm2	0.34
