ks_stat	p.value	Condition	sample_name	cutoff
0.10416666666666682	0.5390174129095141	im_gf	im1_gf3	0.37
