ks_stat	p.value	Condition	sample_name	cutoff
0.5357142857142856	2.032425237145395e-8	im_rm	im1_rm1	0.53
