ks_stat	p.value	Condition	sample_name	cutoff
0.825657894736839	3.1527764847185347e-65	im_rm	im1_rm4	0.16
