ks_stat	p.value	Condition	sample_name	cutoff
0.5982142857142858	8.920002857176123e-8	im_rm	im1_rm1	0.64
