ks_stat	p.value	Condition	sample_name	cutoff
0.5937499999999999	1.0002918147649813e-5	im_gf	im1_gf1	0.24
