ks_stat	p.value	Condition	sample_name	cutoff
0.2619047619047618	0.05188811014579409	im_gf	im1_gf3	0.44
