ks_stat	p.value	Condition	sample_name	cutoff
0.3538011695906432	2.52390100740566e-12	im_gf	im1_gf3	0.12
