ks_stat	p.value	Condition	sample_name	cutoff
0.49431818181818077	7.720532175451121e-11	im_rm	im1_rm2	0.57
