ks_stat	p.value	Condition	sample_name	cutoff
0.6885416666666668	4.53932322251197e-34	im_gf	im1_gf4	0.12
