ks_stat	p.value	Condition	sample_name	cutoff
0.26102941176470595	8.612938777759814e-6	im_gf	im1_gf3	0.19
