ks_stat	p.value	Condition	sample_name	cutoff
0.4255952380952378	4.5835777574618116e-4	im_gf	im1_gf2	0.19
