ks_stat	p.value	Condition	sample_name	cutoff
0.4375000000000011	1.5297837546404288e-6	im_rm	im1_rm4	0.38
