ks_stat	p.value	Condition	sample_name	cutoff
0.6406249999999998	1.7111650875250052e-10	im_rm	im1_rm1	0.59
