ks_stat	p.value	Condition	sample_name	cutoff
0.5208333333333338	8.291443692385004e-9	im_gf	im1_gf2	0.12
