ks_stat	p.value	Condition	sample_name	cutoff
0.3749999999999999	0.1282886674725435	im_rm	im1_rm3	0.83
