ks_stat	p.value	Condition	sample_name	cutoff
0.6335526315789485	5.463042756977635e-42	im_rm	im1_rm2	0.38
