ks_stat	p.value	Condition	sample_name	cutoff
0.6666666666666666	5.493652108521444e-8	im_rm	im1_rm1	0.21
