ks_stat	p.value	Condition	sample_name	cutoff
0.5000000000000002	1.774968944860352e-14	im_rm	im1_rm3	0.21
