ks_stat	p.value	Condition	sample_name	cutoff
0.8312500000000008	5.633797239359678e-72	im_rm	im1_rm2	0.18
