ks_stat	p.value	Condition	sample_name	cutoff
0.5240384615384617	5.887726624042178e-14	im_rm	im1_rm4	0.33
