ks_stat	p.value	Condition	sample_name	cutoff
0.581439393939394	2.217207739248017e-41	im_rm	im1_rm2	0.30
