ks_stat	p.value	Condition	sample_name	cutoff
0.6875000000000006	2.6691543999593105e-7	im_rm	im1_rm2	0.67
