ks_stat	p.value	Condition	sample_name	cutoff
0.09999999999999998	0.4329530687324777	im_gf	im1_gf3	0.30
