ks_stat	p.value	Condition	sample_name	cutoff
0.39285714285714274	1.7926081317100255e-4	im_gf	im1_gf2	0.16
