ks_stat	p.value	Condition	sample_name	cutoff
0.5988636363636365	3.1775182086186796e-16	im_rm	im1_rm3	0.29
