ks_stat	p.value	Condition	sample_name	cutoff
0.21874999999999994	0.05610880795943685	im_rm	im1_rm4	0.43
