ks_stat	p.value	Condition	sample_name	cutoff
0.5566520467836255	7.016149689321657e-30	im_rm	im1_rm2	0.33
