ks_stat	p.value	Condition	sample_name	cutoff
0.39999999999999997	0.00204727614211938	im_rm	im1_rm1	0.30
