ks_stat	p.value	Condition	sample_name	cutoff
0.14705882352941124	0.039619683700390554	im_gf	im2_gf3	0.2
