ks_stat	p.value	Condition	sample_name	cutoff
0.3888888888888895	1.4985997427086078e-13	im_rm	im2_rm2	0.47
