ks_stat	p.value	Condition	sample_name	cutoff
0.28888888888888886	8.05349676444398e-4	im_gf	im2_gf4	0.25
