ks_stat	p.value	Condition	sample_name	cutoff
0.3990384615384627	2.8527073306536368e-8	im_rm	im2_rm2	0.53
