ks_stat	p.value	Condition	sample_name	cutoff
0.4732142857142861	9.058796522193812e-5	im_rm	im2_rm1	0.17
