ks_stat	p.value	Condition	sample_name	cutoff
0.6597222222222229	6.383418351733621e-14	im_rm	im2_rm3	0.13
