ks_stat	p.value	Condition	sample_name	cutoff
0.26666666666666666	0.08638791010587314	im_gf	im2_gf4	0.39
