ks_stat	p.value	Condition	sample_name	cutoff
0.5357142857142856	1.0061102239606787e-7	im_rm	im2_rm1	0.53
