ks_stat	p.value	Condition	sample_name	cutoff
0.21955128205128208	0.008432384077679178	im_rm	im2_rm4	0.33
