ks_stat	p.value	Condition	sample_name	cutoff
0.2416666666666665	3.941666070874258e-4	im_rm	im2_rm4	0.30
