ks_stat	p.value	Condition	sample_name	cutoff
0.29554738562091537	5.2510992465571e-8	im_rm	im2_rm4	0.25
