ks_stat	p.value	Condition	sample_name	cutoff
0.30230263157894915	6.886056889472715e-10	im_rm	im2_rm2	0.39
