ks_stat	p.value	Condition	sample_name	cutoff
0.29166666666666685	8.013451015135965e-6	im_rm	im2_rm4	0.26
