ks_stat	p.value	Condition	sample_name	cutoff
0.18607954545454536	0.06665329257224907	im_rm	im2_rm4	0.34
