ks_stat	p.value	Condition	sample_name	cutoff
0.6421875000000002	1.0826568526033504e-29	im_rm	im2_rm4	0.11
