ks_stat	p.value	Condition	sample_name	cutoff
0.38446969696969685	9.882899141639068e-7	im_rm	im2_rm3	0.39
