ks_stat	p.value	Condition	sample_name	cutoff
0.27859477124183013	3.6726202180662703e-7	im_rm	im2_rm2	0.4
