ks_stat	p.value	Condition	sample_name	cutoff
0.4097222222222231	1.9920389272847486e-5	im_rm	im2_rm3	0.58
