ks_stat	p.value	Condition	sample_name	cutoff
0.37500000000000044	2.096511360159954e-10	im_rm	im2_rm2	0.51
