ks_stat	p.value	Condition	sample_name	cutoff
0.4107142857142858	6.601204145997757e-10	im_gf	im2_gf1	0.14
