ks_stat	p.value	Condition	sample_name	cutoff
0.31617647058823506	2.6815016214481356e-8	im_rm	im2_rm2	0.41
