ks_stat	p.value	Condition	sample_name	cutoff
0.6969696969696965	3.778483684238007e-21	im_gf	im2_gf1	0.2
