ks_stat	p.value	Condition	sample_name	cutoff
0.35416666666666674	1.319954323332535e-6	im_rm	im2_rm2	0.54
