ks_stat	p.value	Condition	sample_name	cutoff
0.33966503267973835	1.9413187786422915e-10	im_rm	im2_rm4	0.19
