ks_stat	p.value	Condition	sample_name	cutoff
0.5902777777777787	1.1692755856505633e-10	im_rm	im2_rm1	0.49
