ks_stat	p.value	Condition	sample_name	cutoff
0.7058823529411749	1.151453008910498e-39	im_rm	im2_rm2	0.14
