ks_stat	p.value	Condition	sample_name	cutoff
0.5000000000000004	0.005285563708440394	im_gf	im2_gf4	0.48
