ks_stat	p.value	Condition	sample_name	cutoff
0.142361111111111	0.1972411854438612	im_rm	im2_rm4	0.36
