ks_stat	p.value	Condition	sample_name	cutoff
0.22222222222222232	0.014304968552742282	im_gf	im2_gf3	0.35
