ks_stat	p.value	Condition	sample_name	cutoff
0.4208333333333346	1.1612322830286914e-11	im_rm	im2_rm2	0.52
