ks_stat	p.value	Condition	sample_name	cutoff
0.27267156862745145	7.052800022364157e-7	im_rm	im2_rm4	0.23
