ks_stat	p.value	Condition	sample_name	cutoff
0.3333333333333333	0.00914147003422631	im_gf	im2_gf2	0.19
