ks_stat	p.value	Condition	sample_name	cutoff
0.6215909090909091	2.1601579822014113e-17	im_gf	im2_gf1	0.16
