ks_stat	p.value	Condition	sample_name	cutoff
0.4312500000000006	4.133024917898663e-7	im_rm	im2_rm3	0.56
