ks_stat	p.value	Condition	sample_name	cutoff
0.6107456140350866	6.970847738509098e-36	im_rm	im2_rm4	0.12
