ks_stat	p.value	Condition	sample_name	cutoff
0.2905701754385969	1.8843157668919652e-8	im_rm	im2_rm4	0.21
