ks_stat	p.value	Condition	sample_name	cutoff
0.22222222222222235	0.015514238625242784	im_gf	im2_gf3	0.32
