ks_stat	p.value	Condition	sample_name	cutoff
0.6896929824561386	1.2133968417514224e-45	im_gf	im2_gf4	0.1
