ks_stat	p.value	Condition	sample_name	cutoff
0.42708333333333315	0.004971396745245708	im_rm	im2_rm1	0.14
