ks_stat	p.value	Condition	sample_name	cutoff
0.45065789473684226	9.894255177398543e-20	im_rm	im2_rm2	0.46
