ks_stat	p.value	Condition	sample_name	cutoff
0.31111111111111106	3.364197133042595e-4	im_gf	im2_gf2	0.11
