ks_stat	p.value	Condition	sample_name	cutoff
0.7523809523809519	2.4344727348290296e-36	im_gf	im2_gf4	0.14
