ks_stat	p.value	Condition	sample_name	cutoff
0.13636363636363644	0.32057908386153733	im_gf	im2_gf3	0.23
