ks_stat	p.value	Condition	sample_name	cutoff
0.231534090909091	0.010327888753042578	im_rm	im2_rm3	0.27
