ks_stat	p.value	Condition	sample_name	cutoff
0.332386363636364	3.8700652874101067e-5	im_rm	im2_rm3	0.51
