ks_stat	p.value	Condition	sample_name	cutoff
0.3846153846153847	9.690188436523118e-9	im_gf	im2_gf4	0.15
