ks_stat	p.value	Condition	sample_name	cutoff
0.582552083333334	1.6506827152528604e-24	im_rm	im2_rm2	0.12
