ks_stat	p.value	Condition	sample_name	cutoff
0.08571428571428537	0.2984823593540985	im_gf	im2_gf3	0.11
