ks_stat	p.value	Condition	sample_name	cutoff
0.4515810276679816	5.559612994340265e-27	im_rm	im2_rm2	0.29
