ks_stat	p.value	Condition	sample_name	cutoff
0.18958333333333333	0.2927335102307151	im_rm	im2_rm2	0.69
