ks_stat	p.value	Condition	sample_name	cutoff
0.20833333333333331	0.8845138055222086	im_rm	im2_rm4	0.8
