ks_stat	p.value	Condition	sample_name	cutoff
0.3461538461538472	3.6823477482377487e-7	im_rm	im2_rm4	0.27
