ks_stat	p.value	Condition	sample_name	cutoff
0.11428571428571403	0.06837712347478554	im_gf	im2_gf3	0.13
