ks_stat	p.value	Condition	sample_name	cutoff
0.8750000000000004	1.5735948248582089e-15	im_rm	im2_rm3	0.11
