ks_stat	p.value	Condition	sample_name	cutoff
0.5268092105263162	3.657376906803842e-29	im_rm	im2_rm2	0.25
