ks_stat	p.value	Condition	sample_name	cutoff
0.6875000000000004	1.0279888487173455e-23	im_rm	im2_rm3	0.19
