ks_stat	p.value	Condition	sample_name	cutoff
0.45588235294117574	8.5918944383777e-17	im_gf	im2_gf4	0.11
