ks_stat	p.value	Condition	sample_name	cutoff
0.6339285714285716	1.4344762206673376e-8	im_gf	im2_gf4	0.27
