ks_stat	p.value	Condition	sample_name	cutoff
0.470588235294117	1.2065465001826925e-19	im_rm	im2_rm2	0.26
