ks_stat	p.value	Condition	sample_name	cutoff
0.37878787878787856	1.5131976177160947e-6	im_gf	im2_gf2	0.1
