ks_stat	p.value	Condition	sample_name	cutoff
0.6992187499999998	4.031602740210079e-35	im_rm	im2_rm2	0.16
