ks_stat	p.value	Condition	sample_name	cutoff
0.6549707602339164	3.328520151209991e-41	im_rm	im2_rm2	0.19
