ks_stat	p.value	Condition	sample_name	cutoff
0.3014705882352948	1.3921518932251461e-7	im_rm	im2_rm2	0.44
