ks_stat	p.value	Condition	sample_name	cutoff
0.4097222222222229	1.9379448916141614e-5	im_rm	im2_rm3	0.59
