ks_stat	p.value	Condition	sample_name	cutoff
0.6250000000000014	7.837360223337054e-15	im_rm	im2_rm3	0.15
