ks_stat	p.value	Condition	sample_name	cutoff
0.324862637362637	2.339620249953612e-6	im_rm	im2_rm3	0.21
