ks_stat	p.value	Condition	sample_name	cutoff
0.467708333333334	5.987359592970091e-16	im_gf	im2_gf1	0.12
