ks_stat	p.value	Condition	sample_name	cutoff
0.12499999999999997	0.972266081820611	im_gf	im2_gf3	0.56
