ks_stat	p.value	Condition	sample_name	cutoff
0.3333333333333334	5.852078480877898e-4	im_gf	im2_gf2	0.12
