ks_stat	p.value	Condition	sample_name	cutoff
0.1785714285714286	0.18135403657333524	im_gf	im2_gf3	0.38
