ks_stat	p.value	Condition	sample_name	cutoff
0.45833333333333326	1.9711969199907192e-4	im_rm	im2_rm1	0.42
