ks_stat	p.value	Condition	sample_name	cutoff
0.6159722222222221	3.7630747502541944e-14	im_rm	im2_rm1	0.1
