ks_stat	p.value	Condition	sample_name	cutoff
0.14545454545454534	0.11788892640500925	im_gf	im2_gf3	0.26
