ks_stat	p.value	Condition	sample_name	cutoff
0.3333333333333334	5.426106974688369e-4	im_gf	im2_gf1	0.21
