ks_stat	p.value	Condition	sample_name	cutoff
0.36666666666666803	5.905199933173715e-9	im_rm	im2_rm2	0.5
