ks_stat	p.value	Condition	sample_name	cutoff
0.5955882352941164	2.3210052114318642e-28	im_rm	im2_rm2	0.13
