ks_stat	p.value	Condition	sample_name	cutoff
0.23153409090909105	0.010327888753042542	im_rm	im2_rm3	0.24
