ks_stat	p.value	Condition	sample_name	cutoff
0.33493589743589797	5.936345070273279e-6	im_rm	im2_rm4	0.29
