ks_stat	p.value	Condition	sample_name	cutoff
0.4062499999999998	0.007332635364934595	im_rm	im2_rm1	0.15
