ks_stat	p.value	Condition	sample_name	cutoff
0.18749999999999997	0.9063625450180071	im_gf	im2_gf3	0.74
