ks_stat	p.value	Condition	sample_name	cutoff
0.14285714285714327	0.10143371048896863	im_gf	im2_gf3	0.21
