ks_stat	p.value	Condition	sample_name	cutoff
0.6718749999999998	5.717378516136578e-13	im_gf	im2_gf4	0.29
