ks_stat	p.value	Condition	sample_name	cutoff
0.621590909090909	2.1601579822014113e-17	im_gf	im2_gf4	0.24
