ks_stat	p.value	Condition	sample_name	cutoff
0.3997140522875813	2.7214338095953876e-14	im_rm	im2_rm4	0.2
