ks_stat	p.value	Condition	sample_name	cutoff
0.6448863636363632	3.621461182438321e-18	im_gf	im2_gf1	0.15
