ks_stat	p.value	Condition	sample_name	cutoff
0.3829545454545459	1.7351493686517858e-6	im_rm	im2_rm3	0.30
