ks_stat	p.value	Condition	sample_name	cutoff
0.4553571428571427	2.577581680413247e-4	im_rm	im2_rm1	0.12
