ks_stat	p.value	Condition	sample_name	cutoff
0.36941964285714274	6.140998202543135e-4	im_rm	im2_rm1	0.41
