ks_stat	p.value	Condition	sample_name	cutoff
0.4237637362637361	1.6127026229125741e-10	im_rm	im2_rm3	0.2
