ks_stat	p.value	Condition	sample_name	cutoff
0.5122767857142856	1.0552932129128377e-6	im_rm	im2_rm1	0.43
