ks_stat	p.value	Condition	sample_name	cutoff
0.5056818181818175	5.4041305594846296e-11	im_rm	im2_rm3	0.37
