ks_stat	p.value	Condition	sample_name	cutoff
0.5464181286549703	8.302085018079332e-29	im_rm	im2_rm2	0.11
