ks_stat	p.value	Condition	sample_name	cutoff
0.39999999999999997	0.0020249183157086243	im_gf	im2_gf1	0.24
