ks_stat	p.value	Condition	sample_name	cutoff
0.26249999999999996	0.29920681266628824	im_rm	im2_rm3	0.74
