ks_stat	p.value	Condition	sample_name	cutoff
0.7003205128205124	1.3655283096175066e-24	im_rm	im2_rm4	0.1
