ks_stat	p.value	Condition	sample_name	cutoff
0.4652777777777777	3.25738940632955e-19	im_rm	im2_rm2	0.45
