ks_stat	p.value	Condition	sample_name	cutoff
0.133333333333333	0.02020701119995589	im_gf	im2_gf3	0.14
