ks_stat	p.value	Condition	sample_name	cutoff
0.5562500000000009	2.2986239319193582e-11	im_rm	im2_rm1	0.47
