ks_stat	p.value	Condition	sample_name	cutoff
0.3493055555555555	3.563805111798498e-5	im_rm	im2_rm2	0.58
