ks_stat	p.value	Condition	sample_name	cutoff
0.4087171052631592	1.0072372134755584e-17	im_rm	im2_rm2	0.34
