ks_stat	p.value	Condition	sample_name	cutoff
0.33741830065359457	2.63100031970379e-10	im_rm	im2_rm4	0.18
