ks_stat	p.value	Condition	sample_name	cutoff
0.6727272727272728	1.1561065830831769e-21	im_gf	im2_gf1	0.19
