ks_stat	p.value	Condition	sample_name	cutoff
0.5000000000000003	3.6921381641007683e-9	im_rm	im2_rm3	0.36
