ks_stat	p.value	Condition	sample_name	cutoff
0.35897435897435914	8.945907914473832e-7	im_gf	im2_gf4	0.18
