ks_stat	p.value	Condition	sample_name	cutoff
0.32159090909090915	2.9973964061905365e-5	im_rm	im2_rm2	0.57
