ks_stat	p.value	Condition	sample_name	cutoff
0.3749999999999998	8.382834066378318e-4	im_rm	im2_rm3	0.63
