ks_stat	p.value	Condition	sample_name	cutoff
0.2940340909090908	4.098778189487776e-4	im_rm	im2_rm3	0.28
