ks_stat	p.value	Condition	sample_name	cutoff
0.7119791666666667	2.1260191948215185e-36	im_gf	im2_gf4	0.12
