ks_stat	p.value	Condition	sample_name	cutoff
0.644642857142856	4.514204445800156e-47	im_rm	im2_rm4	0.13
