ks_stat	p.value	Condition	sample_name	cutoff
0.6874999999999994	1.1614410431785846e-21	im_rm	im2_rm3	0.18
