ks_stat	p.value	Condition	sample_name	cutoff
0.5694444444444446	1.9643924492189667e-10	im_rm	im2_rm1	0.45
