ks_stat	p.value	Condition	sample_name	cutoff
0.36607142857142816	0.004512187501027577	im_rm	im2_rm3	0.69
