ks_stat	p.value	Condition	sample_name	cutoff
0.41025641025641046	1.0184245036914352e-8	im_gf	im2_gf4	0.21
