ks_stat	p.value	Condition	sample_name	cutoff
0.812500000000001	5.030355701892582e-21	im_rm	im2_rm3	0.1
