ks_stat	p.value	Condition	sample_name	cutoff
0.22222222222222232	0.014304932638720541	im_gf	im2_gf3	0.36
