ks_stat	p.value	Condition	sample_name	cutoff
0.47619047619047616	3.4872344362447704e-5	im_rm	im2_rm1	0.64
