ks_stat	p.value	Condition	sample_name	cutoff
0.09999999999999999	0.9702064922465174	im_rm	im2_rm2	0.73
