ks_stat	p.value	Condition	sample_name	cutoff
0.6060606060606062	6.365728144918406e-45	im_rm	im2_rm2	0.21
