ks_stat	p.value	Condition	sample_name	cutoff
0.3929093567251466	4.227956997653446e-15	im_rm	im2_rm2	0.33
