ks_stat	p.value	Condition	sample_name	cutoff
0.2955473856209154	5.251099246557044e-8	im_rm	im2_rm4	0.24
