ks_stat	p.value	Condition	sample_name	cutoff
0.5625000000000003	4.840724105952279e-10	im_gf	im2_gf2	0.14
