ks_stat	p.value	Condition	sample_name	cutoff
0.16666666666666682	0.16891937798898385	im_gf	im2_gf3	0.37
