ks_stat	p.value	Condition	sample_name	cutoff
0.49917763157894796	3.153249926931243e-26	im_rm	im2_rm2	0.28
