ks_stat	p.value	Condition	sample_name	cutoff
0.33238636363636365	3.8700652874101886e-5	im_rm	im2_rm3	0.47
