ks_stat	p.value	Condition	sample_name	cutoff
0.6679276315789486	1.2729180910763207e-46	im_rm	im2_rm2	0.18
