ks_stat	p.value	Condition	sample_name	cutoff
0.5774853801169588	3.981736814202214e-32	im_rm	im2_rm2	0.27
