ks_stat	p.value	Condition	sample_name	cutoff
0.19047619047619024	0.24466599693276472	im_gf	im2_gf3	0.45
