ks_stat	p.value	Condition	sample_name	cutoff
0.47321428571428586	9.210197082511346e-5	im_rm	im2_rm1	0.13
