ks_stat	p.value	Condition	sample_name	cutoff
0.6250000000000016	1.900331412336651e-14	im_rm	im2_rm3	0.16
