ks_stat	p.value	Condition	sample_name	cutoff
0.30000000000000004	0.13767952874122086	im_rm	im2_rm1	0.69
