ks_stat	p.value	Condition	sample_name	cutoff
0.3829545454545458	1.7329339498116968e-6	im_rm	im2_rm3	0.32
