ks_stat	p.value	Condition	sample_name	cutoff
0.35714285714285704	0.001231893952877146	im_rm	im2_rm1	0.59
