ks_stat	p.value	Condition	sample_name	cutoff
0.4166666666666668	1.2312875220849123e-5	im_rm	im2_rm1	0.57
