ks_stat	p.value	Condition	sample_name	cutoff
0.35694444444444445	6.126778369205084e-5	im_rm	im2_rm3	0.34
