ks_stat	p.value	Condition	sample_name	cutoff
0.35714285714285704	8.034066994157599e-4	im_rm	im2_rm2	0.66
