ks_stat	p.value	Condition	sample_name	cutoff
0.43655303030303033	1.635546203523204e-23	im_rm	im2_rm2	0.30
