ks_stat	p.value	Condition	sample_name	cutoff
0.4999999999999999	0.039468269257939816	im_rm	im2_rm2	0.79
