ks_stat	p.value	Condition	sample_name	cutoff
0.16931818181818206	0.06295998353404754	im_rm	im2_rm4	0.35
