ks_stat	p.value	Condition	sample_name	cutoff
0.14035087719298248	0.02682464620440929	im_gf	im2_gf3	0.15
