ks_stat	p.value	Condition	sample_name	cutoff
0.5722039473684212	2.4954533719913807e-34	im_rm	im2_rm4	0.15
