ks_stat	p.value	Condition	sample_name	cutoff
0.20000000000000004	0.5022918863601977	im_gf	im2_gf3	0.52
