ks_stat	p.value	Condition	sample_name	cutoff
0.38958333333333334	0.009750923513102186	im_rm	im2_rm1	0.31
