ks_stat	p.value	Condition	sample_name	cutoff
0.09999999999999999	0.9629665246975716	im_gf	im2_gf3	0.64
