ks_stat	p.value	Condition	sample_name	cutoff
0.5904761904761895	1.4596765813780861e-39	im_rm	im2_rm2	0.24
