ks_stat	p.value	Condition	sample_name	cutoff
0.4093567251461991	2.3540708247503067e-16	im_rm	im2_rm4	0.17
