ks_stat	p.value	Condition	sample_name	cutoff
0.4921874999999998	3.4108392069546194e-6	im_rm	im2_rm1	0.11
