ks_stat	p.value	Condition	sample_name	cutoff
0.5449346405228751	3.3807222056299177e-26	im_gf	im2_gf1	0.1
