ks_stat	p.value	Condition	sample_name	cutoff
0.39285714285714274	1.9300084941268234e-4	im_gf	im2_gf2	0.15
