ks_stat	p.value	Condition	sample_name	cutoff
0.26666666666666666	0.11886496447819397	im_rm	im2_rm1	0.33
