ks_stat	p.value	Condition	sample_name	cutoff
0.05409356725146193	0.9059762392175627	im_gf	im2_gf3	0.12
