ks_stat	p.value	Condition	sample_name	cutoff
0.4375000000000001	1.6880773897604043e-15	im_rm	im2_rm2	0.49
