ks_stat	p.value	Condition	sample_name	cutoff
0.6619047619047607	1.3273529563292866e-49	im_rm	im2_rm2	0.2
