ks_stat	p.value	Condition	sample_name	cutoff
0.3323863636363639	3.870065287410127e-5	im_rm	im2_rm3	0.45
