ks_stat	p.value	Condition	sample_name	cutoff
0.5978349673202603	1.9161300231827455e-31	im_rm	im2_rm2	0.1
