ks_stat	p.value	Condition	sample_name	cutoff
0.19999999999999993	0.3139965011613464	im_gf	im2_gf3	0.51
