ks_stat	p.value	Condition	sample_name	cutoff
0.4999999999999997	0.26184873949579834	im_rm	im2_rm2	0.84
