ks_stat	p.value	Condition	sample_name	cutoff
0.31547619047619047	0.015573460118459535	im_rm	im2_rm1	0.28
