ks_stat	p.value	Condition	sample_name	cutoff
0.631578947368422	9.908192628804665e-42	im_rm	im2_rm4	0.14
