ks_stat	p.value	Condition	sample_name	cutoff
0.16666666666666663	0.154366900185347	im_rm	im2_rm4	0.39
