ks_stat	p.value	Condition	sample_name	cutoff
0.705357142857143	1.077208465255359e-10	im_rm	im2_rm1	0.18
