ks_stat	p.value	Condition	sample_name	cutoff
0.1363636363636365	0.3205790838615369	im_gf	im2_gf3	0.24
