ks_stat	p.value	Condition	sample_name	cutoff
0.2000000000000001	0.5877780423852551	im_rm	im2_rm4	0.58
