ks_stat	p.value	Condition	sample_name	cutoff
0.2142857142857143	0.19190871763257408	im_rm	im2_rm4	0.47
