ks_stat	p.value	Condition	sample_name	cutoff
0.3940476190476188	7.444268609961453e-18	im_rm	im2_rm2	0.32
