ks_stat	p.value	Condition	sample_name	cutoff
0.1666666666666665	0.5666907665160783	im_rm	im2_rm4	0.54
