ks_stat	p.value	Condition	sample_name	cutoff
0.5694444444444446	2.7610285108003637e-10	im_rm	im2_rm1	0.52
