ks_stat	p.value	Condition	sample_name	cutoff
0.302467105263158	6.724665377302118e-10	im_rm	im2_rm2	0.38
