ks_stat	p.value	Condition	sample_name	cutoff
0.23541666666666666	0.1918302876797183	im_rm	im2_rm1	0.37
