ks_stat	p.value	Condition	sample_name	cutoff
0.41423160173160234	3.2678912752533475e-21	im_rm	im2_rm2	0.31
