ks_stat	p.value	Condition	sample_name	cutoff
0.14705882352941133	0.03961968370039036	im_gf	im2_gf3	0.18
