ks_stat	p.value	Condition	sample_name	cutoff
0.4791666666666674	4.923910181714306e-7	im_rm	im2_rm3	0.35
