ks_stat	p.value	Condition	sample_name	cutoff
0.6249999999999983	7.90685168140205e-17	im_rm	im2_rm3	0.17
