ks_stat	p.value	Condition	sample_name	cutoff
0.5200892857142856	4.771323924081971e-7	im_rm	im2_rm1	0.5
