ks_stat	p.value	Condition	sample_name	cutoff
0.3028846153846156	6.0366900834620716e-5	im_rm	im2_rm3	0.23
