ks_stat	p.value	Condition	sample_name	cutoff
0.3844696969696969	9.882899141639015e-7	im_rm	im2_rm3	0.38
