ks_stat	p.value	Condition	sample_name	cutoff
0.39999999999999997	0.005044997307743059	im_rm	im2_rm1	0.68
