ks_stat	p.value	Condition	sample_name	cutoff
0.3333333333333333	0.7787274909963987	im_gf	im2_gf1	0.68
