ks_stat	p.value	Condition	sample_name	cutoff
0.15104166666666666	0.8935256826236709	im_rm	im2_rm1	0.81
