ks_stat	p.value	Condition	sample_name	cutoff
0.29084967320261523	9.105991769542945e-8	im_rm	im2_rm2	0.42
