ks_stat	p.value	Condition	sample_name	cutoff
0.1470588235294111	0.03961968370039085	im_gf	im2_gf3	0.16
