ks_stat	p.value	Condition	sample_name	cutoff
0.3333333333333333	0.006630969945808487	im_gf	im2_gf4	0.30
