ks_stat	p.value	Condition	sample_name	cutoff
0.46354166666666585	1.3621946686436264e-9	im_rm	im2_rm3	0.54
