ks_stat	p.value	Condition	sample_name	cutoff
0.21497252747252732	0.005052529517348841	im_rm	im2_rm4	0.32
