ks_stat	p.value	Condition	sample_name	cutoff
0.3584280303030301	6.610483894555534e-6	im_rm	im2_rm2	0.55
