ks_stat	p.value	Condition	sample_name	cutoff
0.39999999999999997	0.0028178167785471026	im_gf	im2_gf1	0.37
