ks_stat	p.value	Condition	sample_name	cutoff
0.47619047619047616	7.1253944731878e-5	im_gf	im2_gf2	0.21
