ks_stat	p.value	Condition	sample_name	cutoff
0.47619047619047616	2.2096264097504648e-5	im_gf	im2_gf1	0.33
