ks_stat	p.value	Condition	sample_name	cutoff
0.16666666666666669	0.8658213946987467	im_rm	im2_rm4	0.76
