ks_stat	p.value	Condition	sample_name	cutoff
0.7394005847953192	2.144660732012287e-52	im_rm	im2_rm2	0.17
