ks_stat	p.value	Condition	sample_name	cutoff
0.47619047619047616	6.135015392577625e-5	im_rm	im2_rm1	0.63
