ks_stat	p.value	Condition	sample_name	cutoff
0.39999999999999997	0.0034273895535334945	im_gf	im2_gf2	0.25
