ks_stat	p.value	Condition	sample_name	cutoff
0.0894736842105256	0.2955811125424732	im_gf	im2_gf3	0.1
