ks_stat	p.value	Condition	sample_name	cutoff
0.16250000000000003	0.629772332179994	im_rm	im2_rm1	0.34
