ks_stat	p.value	Condition	sample_name	cutoff
0.3161549707602343	6.303305219835397e-10	im_rm	im2_rm2	0.35
