ks_stat	p.value	Condition	sample_name	cutoff
0.47953216374269025	2.768548899659104e-22	im_rm	im2_rm4	0.16
