ks_stat	p.value	Condition	sample_name	cutoff
0.6898809523809524	1.274683484050064e-30	im_gf	im3_gf4	0.14
