ks_stat	p.value	Condition	sample_name	cutoff
0.14444444444444446	0.17851383072182747	im_gf	im3_gf3	0.35
