ks_stat	p.value	Condition	sample_name	cutoff
0.7708333333333316	5.40744170226459e-52	im_rm	im3_rm2	0.1
