ks_stat	p.value	Condition	sample_name	cutoff
0.27499999999999986	0.2318603444564038	im_gf	im3_gf3	0.61
