ks_stat	p.value	Condition	sample_name	cutoff
0.8124999999999989	2.8357490735364474e-47	im_rm	im3_rm4	0.11
