ks_stat	p.value	Condition	sample_name	cutoff
0.3333333333333333	0.5851140456182471	im_rm	im3_rm1	0.83
