ks_stat	p.value	Condition	sample_name	cutoff
0.7148026315789486	2.472830652417866e-53	im_rm	im3_rm2	0.38
