ks_stat	p.value	Condition	sample_name	cutoff
0.7569444444444448	2.144410475470177e-18	im_rm	im3_rm3	0.61
