ks_stat	p.value	Condition	sample_name	cutoff
0.41346153846153966	7.548192437920887e-9	im_rm	im3_rm2	0.54
