ks_stat	p.value	Condition	sample_name	cutoff
0.3750000000000021	2.3939261450440907e-9	im_rm	im3_rm2	0.5
