ks_stat	p.value	Condition	sample_name	cutoff
0.18996710526315783	3.6659779609972843e-4	im_gf	im3_gf3	0.1
