ks_stat	p.value	Condition	sample_name	cutoff
0.16666666666666669	0.8160489737387855	im_rm	im3_rm4	0.67
