ks_stat	p.value	Condition	sample_name	cutoff
0.08749999999999997	0.9892636385606661	im_rm	im3_rm4	0.6
