ks_stat	p.value	Condition	sample_name	cutoff
0.16388888888888892	0.11565628645339335	im_gf	im3_gf3	0.30
