ks_stat	p.value	Condition	sample_name	cutoff
0.38333333333333325	0.012222121490475317	im_rm	im3_rm1	0.33
