ks_stat	p.value	Condition	sample_name	cutoff
0.624999999999999	3.455446666472423e-31	im_rm	im3_rm2	0.49
