ks_stat	p.value	Condition	sample_name	cutoff
0.5138888888888893	3.30617820332925e-8	im_rm	im3_rm1	0.57
