ks_stat	p.value	Condition	sample_name	cutoff
0.16666666666666669	0.9019799149585	im_gf	im3_gf3	0.7
