ks_stat	p.value	Condition	sample_name	cutoff
0.8124999999999994	5.934174787165416e-33	im_rm	im3_rm3	0.19
