ks_stat	p.value	Condition	sample_name	cutoff
0.5735294117647048	5.666782407477859e-29	im_rm	im3_rm2	0.42
