ks_stat	p.value	Condition	sample_name	cutoff
0.7953216374268979	1.4898301451695053e-60	im_rm	im3_rm2	0.17
