ks_stat	p.value	Condition	sample_name	cutoff
0.7417763157894744	2.112563252861561e-57	im_rm	im3_rm2	0.28
