ks_stat	p.value	Condition	sample_name	cutoff
0.22916666666666663	0.7623049219687872	im_rm	im3_rm4	0.9
