ks_stat	p.value	Condition	sample_name	cutoff
0.78801169590643	1.876503786171167e-59	im_rm	im3_rm2	0.27
