ks_stat	p.value	Condition	sample_name	cutoff
0.7261904761904747	1.2780064039303458e-59	im_rm	im3_rm2	0.2
