ks_stat	p.value	Condition	sample_name	cutoff
0.5639619883040929	1.1679290458260376e-30	im_rm	im3_rm4	0.21
