ks_stat	p.value	Condition	sample_name	cutoff
0.5625000000000004	0.0013807506717532915	im_rm	im3_rm2	0.72
