ks_stat	p.value	Condition	sample_name	cutoff
0.28571428571428564	0.01290419107236122	im_rm	im3_rm4	0.42
