ks_stat	p.value	Condition	sample_name	cutoff
0.6328124999999998	1.406798717110164e-10	im_gf	im3_gf4	0.29
