ks_stat	p.value	Condition	sample_name	cutoff
0.39999999999999997	0.006381662659925842	im_gf	im3_gf1	0.27
