ks_stat	p.value	Condition	sample_name	cutoff
0.26666666666666666	0.08355221094271956	im_gf	im3_gf4	0.4
