ks_stat	p.value	Condition	sample_name	cutoff
0.6083333333333338	6.638397352877297e-24	im_rm	im3_rm2	0.52
