ks_stat	p.value	Condition	sample_name	cutoff
0.4134615384615392	7.548192437921183e-9	im_rm	im3_rm3	0.23
