ks_stat	p.value	Condition	sample_name	cutoff
0.4654017857142856	9.944609014290011e-6	im_rm	im3_rm1	0.59
