ks_stat	p.value	Condition	sample_name	cutoff
0.16388888888888897	0.11500258652234015	im_gf	im3_gf3	0.32
