ks_stat	p.value	Condition	sample_name	cutoff
0.6222222222222221	1.786684613711376e-15	im_rm	im3_rm1	0.1
