ks_stat	p.value	Condition	sample_name	cutoff
0.38333333333333325	0.009473634187986827	im_rm	im3_rm1	0.4
