ks_stat	p.value	Condition	sample_name	cutoff
0.21597222222222223	0.02068015262551986	im_rm	im3_rm4	0.36
