ks_stat	p.value	Condition	sample_name	cutoff
0.7638888888888892	2.144204833300467e-18	im_rm	im3_rm3	0.35
