ks_stat	p.value	Condition	sample_name	cutoff
0.43108974358974383	1.3940393754250892e-9	im_rm	im3_rm4	0.28
