ks_stat	p.value	Condition	sample_name	cutoff
0.5833333333333335	6.268759021475671e-11	im_rm	im3_rm1	0.46
