ks_stat	p.value	Condition	sample_name	cutoff
0.43333333333333385	9.446558915008436e-14	im_gf	im3_gf4	0.12
