ks_stat	p.value	Condition	sample_name	cutoff
0.5250000000000001	0.002793080724290009	im_rm	im3_rm1	0.32
