ks_stat	p.value	Condition	sample_name	cutoff
0.9374999999999997	1.5058317857369807e-42	im_rm	im3_rm3	0.18
