ks_stat	p.value	Condition	sample_name	cutoff
0.5575980392156853	2.0763089004717188e-27	im_rm	im3_rm4	0.19
