ks_stat	p.value	Condition	sample_name	cutoff
0.39999999999999997	0.006325679178095459	im_gf	im3_gf2	0.26
