ks_stat	p.value	Condition	sample_name	cutoff
0.6305921052631589	1.3334349530528154e-41	im_rm	im3_rm2	0.34
