ks_stat	p.value	Condition	sample_name	cutoff
0.5000000000000002	0.006977256416652179	im_gf	im3_gf3	0.54
