ks_stat	p.value	Condition	sample_name	cutoff
0.5446428571428572	4.6591917296096056e-6	im_gf	im3_gf4	0.33
