ks_stat	p.value	Condition	sample_name	cutoff
0.5625000000000007	1.503559975417963e-6	im_gf	im3_gf3	0.44
