ks_stat	p.value	Condition	sample_name	cutoff
0.18928571428571514	1.902270156387982e-4	im_gf	im3_gf3	0.11
