ks_stat	p.value	Condition	sample_name	cutoff
0.47619047619047616	8.217798901572118e-5	im_rm	im3_rm1	0.63
