ks_stat	p.value	Condition	sample_name	cutoff
0.5467032967032973	3.1733832154409005e-17	im_rm	im3_rm3	0.2
