ks_stat	p.value	Condition	sample_name	cutoff
0.5698051948051952	9.297802208181666e-40	im_rm	im3_rm2	0.31
