ks_stat	p.value	Condition	sample_name	cutoff
0.5279017857142856	4.3841843100321423e-7	im_rm	im3_rm1	0.11
