ks_stat	p.value	Condition	sample_name	cutoff
0.5006868131868135	1.623903774730943e-14	im_gf	im3_gf1	0.14
