ks_stat	p.value	Condition	sample_name	cutoff
0.582386363636363	6.7801961207754415e-15	im_gf	im3_gf1	0.15
