ks_stat	p.value	Condition	sample_name	cutoff
0.717105263157892	2.6194768755221222e-49	im_rm	im3_rm2	0.19
