ks_stat	p.value	Condition	sample_name	cutoff
0.8749999999999993	9.290053544774087e-55	im_rm	im3_rm2	0.16
