ks_stat	p.value	Condition	sample_name	cutoff
0.6735660173160171	2.1840234532631493e-55	im_rm	im3_rm2	0.30
