ks_stat	p.value	Condition	sample_name	cutoff
0.26470588235294173	6.066460889844615e-6	im_gf	im3_gf3	0.16
