ks_stat	p.value	Condition	sample_name	cutoff
0.32051282051282065	1.7350929587928594e-5	im_rm	im3_rm4	0.33
