ks_stat	p.value	Condition	sample_name	cutoff
0.5625000000000002	6.33348241366008e-5	im_rm	im3_rm2	0.69
