ks_stat	p.value	Condition	sample_name	cutoff
0.5446428571428574	4.656711929084985e-6	im_gf	im3_gf4	0.27
