ks_stat	p.value	Condition	sample_name	cutoff
0.30000000000000004	0.17320383062618888	im_rm	im3_rm1	0.27
