ks_stat	p.value	Condition	sample_name	cutoff
0.23958333333333331	0.38521145991467004	im_rm	im3_rm4	0.73
