ks_stat	p.value	Condition	sample_name	cutoff
0.7812500000000001	1.2574014559496368e-63	im_rm	im3_rm2	0.18
