ks_stat	p.value	Condition	sample_name	cutoff
0.551470588235293	2.243709647940273e-24	im_rm	im3_rm2	0.44
