ks_stat	p.value	Condition	sample_name	cutoff
0.3828125000000011	7.968048335554406e-11	im_rm	im3_rm2	0.51
