ks_stat	p.value	Condition	sample_name	cutoff
0.5000000000000004	2.8656163422358147e-8	im_gf	im3_gf2	0.14
