ks_stat	p.value	Condition	sample_name	cutoff
0.6249999999999999	0.005150211089822493	im_rm	im3_rm2	0.77
