ks_stat	p.value	Condition	sample_name	cutoff
0.4434523809523807	4.5522836610700486e-4	im_rm	im3_rm1	0.28
