ks_stat	p.value	Condition	sample_name	cutoff
0.42500000000000115	6.058433939448687e-7	im_rm	im3_rm2	0.59
