ks_stat	p.value	Condition	sample_name	cutoff
0.8823529411764683	9.74692994467479e-62	im_rm	im3_rm2	0.15
