ks_stat	p.value	Condition	sample_name	cutoff
0.24886363636363643	0.0024075419863894697	im_rm	im3_rm4	0.35
