ks_stat	p.value	Condition	sample_name	cutoff
0.6292763157894727	1.9798302769397478e-41	im_rm	im3_rm2	0.25
