ks_stat	p.value	Condition	sample_name	cutoff
0.2767857142857143	0.048675453869730045	im_rm	im3_rm4	0.47
