ks_stat	p.value	Condition	sample_name	cutoff
0.3358918128654971	3.76902791836071e-11	im_gf	im3_gf4	0.1
