ks_stat	p.value	Condition	sample_name	cutoff
0.4672619047619047	3.95476977082193e-5	im_gf	im3_gf2	0.21
