ks_stat	p.value	Condition	sample_name	cutoff
0.7875000000000002	7.590953352239708e-24	im_rm	im3_rm3	0.55
