ks_stat	p.value	Condition	sample_name	cutoff
0.5449810606060602	4.268470984370866e-13	im_rm	im3_rm3	0.28
