ks_stat	p.value	Condition	sample_name	cutoff
0.8229166666666661	2.5749446936270403e-29	im_rm	im3_rm3	0.54
