ks_stat	p.value	Condition	sample_name	cutoff
0.43681318681318765	3.770010207397924e-11	im_rm	im3_rm3	0.21
