ks_stat	p.value	Condition	sample_name	cutoff
0.2389705882352944	6.364148780551905e-5	im_gf	im3_gf3	0.2
