ks_stat	p.value	Condition	sample_name	cutoff
0.806818181818182	2.3038614138270566e-29	im_rm	im3_rm3	0.37
