ks_stat	p.value	Condition	sample_name	cutoff
0.6874999999999999	0.0024277589036912606	im_gf	im3_gf3	0.55
