ks_stat	p.value	Condition	sample_name	cutoff
0.2500000000000001	0.01537163960381809	im_rm	im3_rm4	0.39
