ks_stat	p.value	Condition	sample_name	cutoff
0.22916666666666669	0.8962785114045616	im_rm	im3_rm3	0.9
