ks_stat	p.value	Condition	sample_name	cutoff
0.5515625000000006	5.149924180767961e-22	im_gf	im3_gf1	0.12
