ks_stat	p.value	Condition	sample_name	cutoff
0.197619047619048	8.267232020633857e-5	im_gf	im3_gf3	0.13
