ks_stat	p.value	Condition	sample_name	cutoff
0.5490196078431363	1.384121276324174e-26	im_rm	im3_rm4	0.2
