ks_stat	p.value	Condition	sample_name	cutoff
0.6222222222222221	1.8178413940268345e-15	im_rm	im3_rm1	0.47
