ks_stat	p.value	Condition	sample_name	cutoff
0.5089285714285713	5.649355496107408e-7	im_rm	im3_rm2	0.61
