ks_stat	p.value	Condition	sample_name	cutoff
0.3877840909090907	7.685799752648007e-7	im_rm	im3_rm3	0.24
