ks_stat	p.value	Condition	sample_name	cutoff
0.6815711462450574	6.410198651569579e-61	im_rm	im3_rm2	0.29
