ks_stat	p.value	Condition	sample_name	cutoff
0.597017973856208	2.3288755866126134e-31	im_gf	im3_gf1	0.1
