ks_stat	p.value	Condition	sample_name	cutoff
0.2916666666666675	1.6385765776693677e-8	im_gf	im3_gf3	0.15
