ks_stat	p.value	Condition	sample_name	cutoff
0.4375000000000001	1.9068891127956297e-6	im_gf	im3_gf2	0.13
