ks_stat	p.value	Condition	sample_name	cutoff
0.6329656862745086	3.386933552196673e-35	im_rm	im3_rm4	0.18
