ks_stat	p.value	Condition	sample_name	cutoff
0.5625000000000006	2.755460660632887e-5	im_gf	im3_gf3	0.47
