ks_stat	p.value	Condition	sample_name	cutoff
0.7320906432748514	2.258683778870809e-51	im_rm	im3_rm4	0.17
