ks_stat	p.value	Condition	sample_name	cutoff
0.6613636363636365	2.3682533814026023e-19	im_rm	im3_rm3	0.31
