ks_stat	p.value	Condition	sample_name	cutoff
0.3333333333333334	1.7848935427680933e-7	im_rm	im3_rm4	0.30
