ks_stat	p.value	Condition	sample_name	cutoff
0.39903846153846195	2.2440748874031667e-9	im_rm	im3_rm4	0.27
