ks_stat	p.value	Condition	sample_name	cutoff
0.4933035714285713	1.8308750407425777e-6	im_rm	im3_rm1	0.41
