ks_stat	p.value	Condition	sample_name	cutoff
0.6319444444444433	4.3844749451050144e-35	im_rm	im3_rm2	0.47
