ks_stat	p.value	Condition	sample_name	cutoff
0.1597222222222222	0.17136084678530247	im_gf	im3_gf3	0.37
