ks_stat	p.value	Condition	sample_name	cutoff
0.2708333333333333	0.7199519807923167	im_gf	im3_gf3	0.77
