ks_stat	p.value	Condition	sample_name	cutoff
0.46726190476190477	1.639281997120789e-4	im_rm	im3_rm1	0.12
