ks_stat	p.value	Condition	sample_name	cutoff
0.3333333333333334	4.0825673179228277e-4	im_gf	im3_gf1	0.21
