ks_stat	p.value	Condition	sample_name	cutoff
0.7458881578947375	4.913529550439859e-58	im_rm	im3_rm4	0.15
