ks_stat	p.value	Condition	sample_name	cutoff
0.16666666666666674	0.0015241170817553746	im_gf	im3_gf3	0.14
