ks_stat	p.value	Condition	sample_name	cutoff
0.6450216450216453	7.923014073213959e-51	im_rm	im3_rm2	0.21
