ks_stat	p.value	Condition	sample_name	cutoff
0.5345238095238087	1.6978283781623862e-32	im_rm	im3_rm2	0.32
