ks_stat	p.value	Condition	sample_name	cutoff
0.5267857142857146	2.2213145902644146e-5	im_rm	im3_rm1	0.17
