ks_stat	p.value	Condition	sample_name	cutoff
0.7172619047619033	3.5742673922200844e-58	im_rm	im3_rm4	0.13
