ks_stat	p.value	Condition	sample_name	cutoff
0.7142857142857144	4.001972826589881e-12	im_rm	im3_rm1	0.18
