ks_stat	p.value	Condition	sample_name	cutoff
0.6249999999999996	0.07250900360144057	im_rm	im3_rm2	0.82
