ks_stat	p.value	Condition	sample_name	cutoff
0.3333333333333334	3.923806123601318e-4	im_gf	im3_gf2	0.12
