ks_stat	p.value	Condition	sample_name	cutoff
0.7023026315789487	1.688301060030484e-51	im_rm	im3_rm2	0.39
