ks_stat	p.value	Condition	sample_name	cutoff
0.5000000000000004	6.142258717893946e-4	im_rm	im3_rm2	0.7
