ks_stat	p.value	Condition	sample_name	cutoff
0.31111111111111106	2.4575967452133014e-4	im_gf	im3_gf2	0.11
