ks_stat	p.value	Condition	sample_name	cutoff
0.6067251461988294	2.0350614604770205e-35	im_rm	im3_rm2	0.35
