ks_stat	p.value	Condition	sample_name	cutoff
0.6102272727272726	5.161062368874034e-17	im_gf	im3_gf1	0.16
