ks_stat	p.value	Condition	sample_name	cutoff
0.3333333333333333	0.3733493397358942	im_gf	im3_gf1	0.68
