ks_stat	p.value	Condition	sample_name	cutoff
0.5316584967320253	5.881264389275718e-25	im_rm	im3_rm4	0.23
