ks_stat	p.value	Condition	sample_name	cutoff
0.6302083333333323	2.2768687090468892e-17	im_rm	im3_rm2	0.56
