ks_stat	p.value	Condition	sample_name	cutoff
0.7875000000000002	1.3500515951365304e-23	im_rm	im3_rm3	0.36
