ks_stat	p.value	Condition	sample_name	cutoff
0.39285714285714274	1.8495247093477138e-4	im_gf	im3_gf2	0.18
