ks_stat	p.value	Condition	sample_name	cutoff
0.7013888888888894	8.918668737662946e-17	im_rm	im3_rm3	0.58
