ks_stat	p.value	Condition	sample_name	cutoff
0.2594696969696972	0.0026843598271664346	im_gf	im3_gf3	0.23
