ks_stat	p.value	Condition	sample_name	cutoff
0.2610294117647059	8.612938777759844e-6	im_gf	im3_gf3	0.18
