ks_stat	p.value	Condition	sample_name	cutoff
0.26102941176470584	8.61293877775989e-6	im_gf	im3_gf3	0.17
