ks_stat	p.value	Condition	sample_name	cutoff
0.15795454545454585	0.08611759998912646	im_gf	im3_gf3	0.26
