ks_stat	p.value	Condition	sample_name	cutoff
0.36527777777777765	9.63225453869702e-6	im_gf	im3_gf4	0.25
