ks_stat	p.value	Condition	sample_name	cutoff
0.6719771241830051	1.29309387903935e-39	im_rm	im3_rm2	0.4
