ks_stat	p.value	Condition	sample_name	cutoff
0.4672619047619047	4.084367110297637e-5	im_gf	im3_gf1	0.33
