ks_stat	p.value	Condition	sample_name	cutoff
0.4431818181818173	7.928758933304433e-9	im_rm	im3_rm2	0.57
