ks_stat	p.value	Condition	sample_name	cutoff
0.6865530303030298	1.5564932416008994e-20	im_rm	im3_rm3	0.45
