ks_stat	p.value	Condition	sample_name	cutoff
0.27777777777777785	0.004944444121070962	im_rm	im3_rm4	0.4
