ks_stat	p.value	Condition	sample_name	cutoff
0.235227272727273	0.005333780055154464	im_gf	im3_gf3	0.25
