ks_stat	p.value	Condition	sample_name	cutoff
0.7499999999999983	3.0393797711740106e-49	im_rm	im3_rm2	0.45
