ks_stat	p.value	Condition	sample_name	cutoff
0.5267857142857144	1.0063376660230224e-5	im_rm	im3_rm3	0.65
