ks_stat	p.value	Condition	sample_name	cutoff
0.19270833333333334	0.6457844556481801	im_rm	im3_rm1	0.78
