ks_stat	p.value	Condition	sample_name	cutoff
0.8355263157894705	8.717179899412368e-67	im_rm	im3_rm2	0.11
