ks_stat	p.value	Condition	sample_name	cutoff
0.1479166666666667	0.6112238278450688	im_rm	im3_rm4	0.53
