ks_stat	p.value	Condition	sample_name	cutoff
0.642857142857143	2.46820658433171e-8	im_rm	im3_rm1	0.42
