ks_stat	p.value	Condition	sample_name	cutoff
0.7083333333333338	1.6634862991111823e-17	im_rm	im3_rm1	0.45
