ks_stat	p.value	Condition	sample_name	cutoff
0.6319444444444443	3.52056295286045e-15	im_rm	im3_rm3	0.33
