ks_stat	p.value	Condition	sample_name	cutoff
0.6973684210526292	1.180272883344158e-46	im_rm	im3_rm2	0.46
