ks_stat	p.value	Condition	sample_name	cutoff
0.28787878787878773	5.827238546877249e-4	im_rm	im3_rm4	0.34
