ks_stat	p.value	Condition	sample_name	cutoff
0.3148809523809532	1.0244275092556926e-6	im_gf	im3_gf3	0.21
