ks_stat	p.value	Condition	sample_name	cutoff
0.6796874999999998	1.117559275668857e-12	im_rm	im3_rm1	0.43
