ks_stat	p.value	Condition	sample_name	cutoff
0.4999999999999998	1.793910907691953e-6	im_gf	im3_gf3	0.4
