ks_stat	p.value	Condition	sample_name	cutoff
0.20504385964912275	2.016007623061495e-4	im_gf	im3_gf3	0.12
