ks_stat	p.value	Condition	sample_name	cutoff
0.4068181818181819	1.1791816389726517e-7	im_gf	im3_gf4	0.24
