ks_stat	p.value	Condition	sample_name	cutoff
0.6666666666666666	1.9912745336328768e-7	im_rm	im3_rm1	0.19
