ks_stat	p.value	Condition	sample_name	cutoff
0.30769230769230765	9.54164865513215e-6	im_rm	im3_rm4	0.32
