ks_stat	p.value	Condition	sample_name	cutoff
0.7072368421052605	5.680098001561323e-48	im_rm	im3_rm4	0.12
