ks_stat	p.value	Condition	sample_name	cutoff
0.6374999999999988	4.814714949130873e-46	im_rm	im3_rm2	0.24
