ks_stat	p.value	Condition	sample_name	cutoff
0.24218749999999994	0.03946876560667706	im_rm	im3_rm4	0.45
