ks_stat	p.value	Condition	sample_name	cutoff
0.3333333333333333	0.00933606959443784	im_gf	im3_gf2	0.19
