ks_stat	p.value	Condition	sample_name	cutoff
0.47916666666666685	0.0011243386834036118	im_rm	im3_rm1	0.14
