ks_stat	p.value	Condition	sample_name	cutoff
0.4232142857142864	8.6580114082641e-12	im_rm	im3_rm4	0.26
