ks_stat	p.value	Condition	sample_name	cutoff
0.6718749999999998	7.38397793857649e-12	im_rm	im3_rm3	0.63
