ks_stat	p.value	Condition	sample_name	cutoff
0.47619047619047616	3.916522036273063e-5	im_gf	im3_gf1	0.36
