ks_stat	p.value	Condition	sample_name	cutoff
0.6544117647058809	3.759092595376185e-34	im_rm	im3_rm2	0.41
