ks_stat	p.value	Condition	sample_name	cutoff
0.6268274853801158	8.941020389336941e-38	im_rm	im4_rm4	0.17
