ks_stat	p.value	Condition	sample_name	cutoff
0.6812500000000004	6.230187866586619e-17	im_rm	im4_rm3	0.56
