ks_stat	p.value	Condition	sample_name	cutoff
0.2708333333333333	0.6751500600240098	im_rm	im4_rm4	0.78
