ks_stat	p.value	Condition	sample_name	cutoff
0.42678571428571543	5.5567133301407425e-12	im_rm	im4_rm4	0.26
