ks_stat	p.value	Condition	sample_name	cutoff
0.3005952380952378	0.01731289897820427	im_gf	im4_gf3	0.45
