ks_stat	p.value	Condition	sample_name	cutoff
0.2545454545454548	0.0010938075020618947	im_rm	im4_rm4	0.35
