ks_stat	p.value	Condition	sample_name	cutoff
0.8749999999999996	1.4321861404022883e-35	im_rm	im4_rm3	0.17
