ks_stat	p.value	Condition	sample_name	cutoff
0.7700216450216439	2.9577711936681843e-72	im_rm	im4_rm2	0.21
