ks_stat	p.value	Condition	sample_name	cutoff
0.38749999999999996	0.03032065726266606	im_gf	im4_gf3	0.6
