ks_stat	p.value	Condition	sample_name	cutoff
0.6737637362637361	6.099225501843375e-26	im_rm	im4_rm3	0.2
