ks_stat	p.value	Condition	sample_name	cutoff
0.6433823529411752	2.3764844957167452e-36	im_rm	im4_rm2	0.4
