ks_stat	p.value	Condition	sample_name	cutoff
0.5486111111111122	2.004090316833662e-9	im_rm	im4_rm1	0.49
