ks_stat	p.value	Condition	sample_name	cutoff
0.319368131868132	3.6991693260607323e-6	im_rm	im4_rm4	0.32
