ks_stat	p.value	Condition	sample_name	cutoff
0.44871794871794957	2.399295773716507e-10	im_gf	im4_gf4	0.18
