ks_stat	p.value	Condition	sample_name	cutoff
0.5449346405228749	3.380722205630062e-26	im_rm	im4_rm2	0.42
