ks_stat	p.value	Condition	sample_name	cutoff
0.27083333333333315	2.1302574298826284e-7	im_gf	im4_gf3	0.15
