ks_stat	p.value	Condition	sample_name	cutoff
0.16666666666666693	0.09049166938211974	im_gf	im4_gf3	0.35
