ks_stat	p.value	Condition	sample_name	cutoff
0.5823863636363628	6.780196120775538e-15	im_rm	im4_rm3	0.38
