ks_stat	p.value	Condition	sample_name	cutoff
0.5392156862745089	1.1671130359454964e-25	im_rm	im4_rm4	0.18
