ks_stat	p.value	Condition	sample_name	cutoff
0.3244047619047619	0.013015381958215205	im_gf	im4_gf2	0.19
