ks_stat	p.value	Condition	sample_name	cutoff
0.16666666666666688	0.14643914674649647	im_gf	im4_gf3	0.37
