ks_stat	p.value	Condition	sample_name	cutoff
0.4479166666666668	0.0015329521469208663	im_rm	im4_rm2	0.7
