ks_stat	p.value	Condition	sample_name	cutoff
0.4875000000000001	0.008067054515611825	im_rm	im4_rm3	0.73
