ks_stat	p.value	Condition	sample_name	cutoff
0.4000000000000001	7.691228716259028e-8	im_gf	im4_gf1	0.19
