ks_stat	p.value	Condition	sample_name	cutoff
0.6250000000000004	2.1990660002338702e-14	im_rm	im4_rm3	0.36
