ks_stat	p.value	Condition	sample_name	cutoff
0.17075892857142855	0.1725473806351643	im_rm	im4_rm4	0.42
