ks_stat	p.value	Condition	sample_name	cutoff
0.8289473684210493	9.578804489352317e-66	im_rm	im4_rm2	0.19
