ks_stat	p.value	Condition	sample_name	cutoff
0.551470588235293	2.243709647940273e-24	im_gf	im4_gf4	0.11
