ks_stat	p.value	Condition	sample_name	cutoff
0.4687499999999987	8.454474137071161e-10	im_rm	im4_rm2	0.56
