ks_stat	p.value	Condition	sample_name	cutoff
0.7499999999999999	6.613152469548241e-4	im_rm	im4_rm2	0.75
