ks_stat	p.value	Condition	sample_name	cutoff
0.713815789473682	7.339258310466923e-49	im_rm	im4_rm4	0.16
