ks_stat	p.value	Condition	sample_name	cutoff
0.4375000000000001	3.047473912232804e-6	im_gf	im4_gf2	0.13
