ks_stat	p.value	Condition	sample_name	cutoff
0.47619047619047616	3.77173193094308e-5	im_rm	im4_rm1	0.64
