ks_stat	p.value	Condition	sample_name	cutoff
0.3409090909090908	2.2024759498093423e-05	im_rm	im4_rm4	0.34
