ks_stat	p.value	Condition	sample_name	cutoff
0.7417763157894742	2.1125632528618614e-57	im_rm	im4_rm2	0.25
