ks_stat	p.value	Condition	sample_name	cutoff
0.4732142857142855	1.1991328065538031e-4	im_gf	im4_gf4	0.32
