ks_stat	p.value	Condition	sample_name	cutoff
0.3273809523809519	0.008384539966886422	im_rm	im4_rm1	0.29
