ks_stat	p.value	Condition	sample_name	cutoff
0.5573830409356721	5.870671228199646e-30	im_rm	im4_rm2	0.37
