ks_stat	p.value	Condition	sample_name	cutoff
0.47499999999999964	9.440179388733053e-26	im_gf	im4_gf3	0.13
