ks_stat	p.value	Condition	sample_name	cutoff
0.5267857142857146	1.2729494099829929e-5	im_gf	im4_gf4	0.28
