ks_stat	p.value	Condition	sample_name	cutoff
0.582386363636363	6.7801961207754415e-15	im_rm	im4_rm3	0.41
