ks_stat	p.value	Condition	sample_name	cutoff
0.47619047619047616	3.702300925664877e-5	im_gf	im4_gf1	0.36
