ks_stat	p.value	Condition	sample_name	cutoff
0.38958333333333334	0.007037260836393266	im_gf	im4_gf2	0.26
