ks_stat	p.value	Condition	sample_name	cutoff
0.6064723320158081	2.5322670540115165e-48	im_rm	im4_rm2	0.29
