ks_stat	p.value	Condition	sample_name	cutoff
0.7320906432748517	2.2586837788705844e-51	im_rm	im4_rm2	0.27
