ks_stat	p.value	Condition	sample_name	cutoff
0.6572916666666666	4.381377083324768e-31	im_gf	im4_gf4	0.12
