ks_stat	p.value	Condition	sample_name	cutoff
0.8125000000000003	5.715106818527088e-7	im_gf	im4_gf4	0.66
