ks_stat	p.value	Condition	sample_name	cutoff
0.4204545454545448	3.3940518300788855e-8	im_rm	im4_rm2	0.57
