ks_stat	p.value	Condition	sample_name	cutoff
0.8289473684210494	9.57880448935177e-66	im_rm	im4_rm2	0.17
