ks_stat	p.value	Condition	sample_name	cutoff
0.9375000000000006	9.107378345581863e-30	im_rm	im4_rm3	0.1
