ks_stat	p.value	Condition	sample_name	cutoff
0.6597222222222228	9.398816974562213e-14	im_rm	im4_rm3	0.58
