ks_stat	p.value	Condition	sample_name	cutoff
0.669078947368422	8.818710464115583e-47	im_rm	im4_rm2	0.39
