ks_stat	p.value	Condition	sample_name	cutoff
0.5079545454545451	1.941390776717745e-11	im_rm	im4_rm3	0.32
