ks_stat	p.value	Condition	sample_name	cutoff
0.3235294117647061	1.1427478623964991e-8	im_gf	im4_gf3	0.16
