ks_stat	p.value	Condition	sample_name	cutoff
0.8124999999999991	5.9341747871656686e-33	im_rm	im4_rm4	0.1
