ks_stat	p.value	Condition	sample_name	cutoff
0.5279017857142856	7.738407784056958e-8	im_rm	im4_rm1	0.11
