ks_stat	p.value	Condition	sample_name	cutoff
0.3333333333333333	0.5786314525810324	im_rm	im4_rm1	0.84
