ks_stat	p.value	Condition	sample_name	cutoff
0.4672619047619047	9.03332352337332e-5	im_gf	im4_gf2	0.21
