ks_stat	p.value	Condition	sample_name	cutoff
0.6666666666666666	7.999408293914508e-7	im_rm	im4_rm1	0.2
