ks_stat	p.value	Condition	sample_name	cutoff
0.568750000000001	6.338774270168774e-12	im_rm	im4_rm1	0.47
