ks_stat	p.value	Condition	sample_name	cutoff
0.9999999999999999	7.626835126167109e-9	im_gf	im4_gf2	0.54
