ks_stat	p.value	Condition	sample_name	cutoff
0.812500000000001	5.160441606144899e-21	im_rm	im4_rm3	0.13
