ks_stat	p.value	Condition	sample_name	cutoff
0.3786764705882352	1.0193164168863387e-11	im_gf	im4_gf3	0.19
