ks_stat	p.value	Condition	sample_name	cutoff
0.38942307692307776	6.742348754347046e-8	im_rm	im4_rm4	0.28
