ks_stat	p.value	Condition	sample_name	cutoff
0.5257554945054946	5.811089827894419e-16	im_rm	im4_rm3	0.21
