ks_stat	p.value	Condition	sample_name	cutoff
0.16666666666666669	0.1285941090139358	im_rm	im4_rm4	0.38
