ks_stat	p.value	Condition	sample_name	cutoff
0.8392857142857124	1.7107467423935443e-79	im_rm	im4_rm2	0.2
