ks_stat	p.value	Condition	sample_name	cutoff
0.5102272727272729	8.145526123159802e-12	im_gf	im4_gf1	0.16
