ks_stat	p.value	Condition	sample_name	cutoff
0.8164062499999993	1.0025820599209272e-47	im_rm	im4_rm2	0.16
