ks_stat	p.value	Condition	sample_name	cutoff
0.16666666666666669	0.8831927319922123	im_rm	im4_rm4	0.66
