ks_stat	p.value	Condition	sample_name	cutoff
0.22916666666666663	0.7358943577430971	im_rm	im4_rm3	0.86
