ks_stat	p.value	Condition	sample_name	cutoff
0.7499999999999999	5.712575777850423e-4	im_gf	im4_gf3	0.55
