ks_stat	p.value	Condition	sample_name	cutoff
0.23958333333333331	0.3689620682024392	im_rm	im4_rm4	0.7
