ks_stat	p.value	Condition	sample_name	cutoff
0.47426470588235226	6.026519029342709e-20	im_rm	im4_rm4	0.2
