ks_stat	p.value	Condition	sample_name	cutoff
0.4166666666666666	0.0038176035120648997	im_gf	im4_gf4	0.44
