ks_stat	p.value	Condition	sample_name	cutoff
0.39545454545454556	3.29434368580118e-7	im_gf	im4_gf1	0.17
