ks_stat	p.value	Condition	sample_name	cutoff
0.7505952380952365	1.1508857332062695e-63	im_rm	im4_rm2	0.23
