ks_stat	p.value	Condition	sample_name	cutoff
0.5279017857142856	7.738860332527747e-8	im_rm	im4_rm1	0.44
