ks_stat	p.value	Condition	sample_name	cutoff
0.6291666666666668	1.535953432687662e-25	im_rm	im4_rm2	0.5
