ks_stat	p.value	Condition	sample_name	cutoff
0.16964285714285687	0.3482183395337322	im_rm	im4_rm4	0.46
