ks_stat	p.value	Condition	sample_name	cutoff
0.6554276315789483	6.572173031020072e-45	im_rm	im4_rm2	0.38
