ks_stat	p.value	Condition	sample_name	cutoff
0.5805921052631587	2.487960783882198e-35	im_rm	im4_rm2	0.34
