ks_stat	p.value	Condition	sample_name	cutoff
0.6440476190476192	9.64523836733915e-27	im_gf	im4_gf4	0.14
