ks_stat	p.value	Condition	sample_name	cutoff
0.6493055555555546	5.1453171232567614e-37	im_rm	im4_rm2	0.47
