ks_stat	p.value	Condition	sample_name	cutoff
0.4365530303030298	1.4811363567103061e-8	im_gf	im4_gf3	0.23
