ks_stat	p.value	Condition	sample_name	cutoff
0.5215643274853793	2.769248469323571e-26	im_gf	im4_gf3	0.12
