ks_stat	p.value	Condition	sample_name	cutoff
0.7499999999999997	0.02184873949579832	im_rm	im4_rm2	0.82
