ks_stat	p.value	Condition	sample_name	cutoff
0.2791666666666665	0.07891250843242581	im_rm	im4_rm1	0.4
