ks_stat	p.value	Condition	sample_name	cutoff
0.5357142857142856	7.738747827295603e-8	im_rm	im4_rm1	0.53
