ks_stat	p.value	Condition	sample_name	cutoff
0.42321428571428577	1.571007561296959e-20	im_gf	im4_gf3	0.14
