ks_stat	p.value	Condition	sample_name	cutoff
0.3684210526315789	2.502473656483258e-13	im_gf	im4_gf4	0.1
