ks_stat	p.value	Condition	sample_name	cutoff
0.2200657894736841	1.933034835207243e-5	im_gf	im4_gf3	0.1
