ks_stat	p.value	Condition	sample_name	cutoff
0.18750000000000003	0.6186184447185439	im_rm	im4_rm4	0.6
