ks_stat	p.value	Condition	sample_name	cutoff
0.4068181818181819	7.454532264268048e-8	im_gf	im4_gf4	0.24
