ks_stat	p.value	Condition	sample_name	cutoff
0.6874999999999989	1.1977709502985614e-37	im_gf	im4_gf3	0.17
