ks_stat	p.value	Condition	sample_name	cutoff
0.5666666666666672	8.476428603950876e-21	im_rm	im4_rm2	0.52
