ks_stat	p.value	Condition	sample_name	cutoff
0.3333333333333334	3.8879758094241096e-4	im_gf	im4_gf1	0.21
