ks_stat	p.value	Condition	sample_name	cutoff
0.5791666666666657	4.4574900677379267e-38	im_rm	im4_rm2	0.32
