ks_stat	p.value	Condition	sample_name	cutoff
0.3484848484848483	1.3185660350532637e-5	im_gf	im4_gf1	0.2
