ks_stat	p.value	Condition	sample_name	cutoff
0.33511904761904826	1.499272351724932e-7	im_rm	im4_rm4	0.31
