ks_stat	p.value	Condition	sample_name	cutoff
0.6291208791208791	1.133827641361494e-22	im_gf	im4_gf4	0.17
