ks_stat	p.value	Condition	sample_name	cutoff
0.39999999999999997	0.0060544575158109374	im_rm	im4_rm1	0.66
