ks_stat	p.value	Condition	sample_name	cutoff
0.8124999999999999	1.4396413984153042e-4	im_gf	im4_gf4	0.52
