ks_stat	p.value	Condition	sample_name	cutoff
0.628676470588234	1.498054724769841e-31	im_rm	im4_rm2	0.41
