ks_stat	p.value	Condition	sample_name	cutoff
0.5375000000000001	0.0017874519769399309	im_rm	im4_rm1	0.69
