ks_stat	p.value	Condition	sample_name	cutoff
0.6433823529411753	5.038864401635853e-33	im_rm	im4_rm2	0.49
