ks_stat	p.value	Condition	sample_name	cutoff
0.38504464285714274	1.62610487676568e-4	im_rm	im4_rm1	0.41
