ks_stat	p.value	Condition	sample_name	cutoff
0.36527777777777765	8.703786502762543e-6	im_gf	im4_gf4	0.25
