ks_stat	p.value	Condition	sample_name	cutoff
0.36057692307692363	7.848863197042147e-7	im_rm	im4_rm4	0.33
