ks_stat	p.value	Condition	sample_name	cutoff
0.22499999999999992	0.46382347881350333	im_rm	im4_rm1	0.34
