ks_stat	p.value	Condition	sample_name	cutoff
0.8229166666666647	3.3799521235360043e-59	im_rm	im4_rm2	0.1
