ks_stat	p.value	Condition	sample_name	cutoff
0.5781249999999998	8.73842380011691e-9	im_rm	im4_rm3	0.63
