ks_stat	p.value	Condition	sample_name	cutoff
0.40865384615384703	8.213262676426933e-10	im_rm	im4_rm4	0.27
