ks_stat	p.value	Condition	sample_name	cutoff
0.38749999999999984	0.02904290339500839	im_rm	im4_rm2	0.72
