ks_stat	p.value	Condition	sample_name	cutoff
0.4672619047619047	8.207453261795946e-5	im_gf	im4_gf1	0.32
