ks_stat	p.value	Condition	sample_name	cutoff
0.6875000000000013	2.715754625403778e-9	im_rm	im4_rm3	0.66
