ks_stat	p.value	Condition	sample_name	cutoff
0.6546052631578925	3.6961579492511487e-41	im_rm	im4_rm4	0.12
