ks_stat	p.value	Condition	sample_name	cutoff
0.4071428571428577	6.082611551006453e-11	im_gf	im4_gf3	0.21
