ks_stat	p.value	Condition	sample_name	cutoff
0.18750000000000003	0.9759903961584633	im_gf	im4_gf3	0.89
