ks_stat	p.value	Condition	sample_name	cutoff
0.8750000000000009	5.8868844445381046e-30	im_rm	im4_rm3	0.14
