ks_stat	p.value	Condition	sample_name	cutoff
0.6988636363636361	2.1159040423618635e-21	im_rm	im4_rm3	0.37
