ks_stat	p.value	Condition	sample_name	cutoff
0.610576923076923	8.550034141667204e-19	im_rm	im4_rm2	0.53
