ks_stat	p.value	Condition	sample_name	cutoff
0.598214285714286	5.073400964232044e-7	im_rm	im4_rm3	0.72
