ks_stat	p.value	Condition	sample_name	cutoff
0.2920454545454548	1.0159373562049883e-4	im_gf	im4_gf3	0.26
