ks_stat	p.value	Condition	sample_name	cutoff
0.6222222222222221	2.5413266583127462e-14	im_rm	im4_rm1	0.1
