ks_stat	p.value	Condition	sample_name	cutoff
0.46997549019607787	1.353824046492583e-19	im_gf	im4_gf1	0.1
