ks_stat	p.value	Condition	sample_name	cutoff
0.6833881578947366	8.738567755161399e-49	im_rm	im4_rm4	0.15
