ks_stat	p.value	Condition	sample_name	cutoff
0.5234374999999998	6.046136459332957e-7	im_rm	im4_rm2	0.64
