ks_stat	p.value	Condition	sample_name	cutoff
0.7142857142857144	7.218912372356723e-10	im_rm	im4_rm1	0.18
