ks_stat	p.value	Condition	sample_name	cutoff
0.4819444444444445	1.2599397982851871e-8	im_rm	im4_rm3	0.33
