ks_stat	p.value	Condition	sample_name	cutoff
0.47604166666666736	1.6562303217221993e-16	im_gf	im4_gf1	0.12
