ks_stat	p.value	Condition	sample_name	cutoff
0.4879385964912288	4.6681470430805834e-23	im_rm	im4_rm4	0.21
