ks_stat	p.value	Condition	sample_name	cutoff
0.7499999999999989	2.414898562944313e-40	im_rm	im4_rm4	0.11
