ks_stat	p.value	Condition	sample_name	cutoff
0.39285714285714274	1.955437983768033e-4	im_gf	im4_gf2	0.17
