ks_stat	p.value	Condition	sample_name	cutoff
0.4479166666666667	0.0015428377673259916	im_rm	im4_rm1	0.31
