ks_stat	p.value	Condition	sample_name	cutoff
0.9374999999999989	9.884641425820662e-44	im_rm	im4_rm3	0.19
