ks_stat	p.value	Condition	sample_name	cutoff
0.812499999999999	3.521360550037458e-30	im_rm	im4_rm3	0.18
