ks_stat	p.value	Condition	sample_name	cutoff
0.42170329670329687	2.02054907719775e-10	im_gf	im4_gf1	0.13
