ks_stat	p.value	Condition	sample_name	cutoff
0.40000000000000113	1.7161582527850775e-6	im_rm	im4_rm2	0.59
