ks_stat	p.value	Condition	sample_name	cutoff
0.43465909090909066	1.7417590969422464e-8	im_rm	im4_rm3	0.28
