ks_stat	p.value	Condition	sample_name	cutoff
0.41704545454545444	3.4493749990249444e-8	im_gf	im4_gf3	0.25
