ks_stat	p.value	Condition	sample_name	cutoff
0.5705409356725141	2.279903269918151e-31	im_rm	im4_rm2	0.33
