ks_stat	p.value	Condition	sample_name	cutoff
0.5361842105263144	9.383481320059326e-28	im_rm	im4_rm2	0.46
