ks_stat	p.value	Condition	sample_name	cutoff
0.531045751633986	6.698601825138591e-25	im_rm	im4_rm2	0.45
