ks_stat	p.value	Condition	sample_name	cutoff
0.31458333333333355	1.2978627644426118e-4	im_gf	im4_gf3	0.32
