ks_stat	p.value	Condition	sample_name	cutoff
0.38749999999999973	0.028721505182898163	im_rm	im4_rm1	0.27
