ks_stat	p.value	Condition	sample_name	cutoff
0.5449810606060603	4.2684709843708054e-13	im_gf	im4_gf1	0.15
