ks_stat	p.value	Condition	sample_name	cutoff
0.5257352941176462	3.420959910281576e-22	im_rm	im4_rm2	0.43
