ks_stat	p.value	Condition	sample_name	cutoff
0.4166666666666668	6.450896202847868e-6	im_rm	im4_rm1	0.56
