ks_stat	p.value	Condition	sample_name	cutoff
0.7214052287581684	1.3625296088762138e-45	im_rm	im4_rm2	0.26
