ks_stat	p.value	Condition	sample_name	cutoff
0.31011904761904807	3.2038357737494545e-11	im_gf	im4_gf3	0.11
