ks_stat	p.value	Condition	sample_name	cutoff
0.31111111111111106	2.2973358895305481e-4	im_gf	im4_gf2	0.11
