ks_stat	p.value	Condition	sample_name	cutoff
0.5624999999999998	2.9337298944672006e-8	im_gf	im4_gf4	0.29
