ks_stat	p.value	Condition	sample_name	cutoff
0.2083333333333333	0.9207683073229286	im_gf	im4_gf3	0.74
