ks_stat	p.value	Condition	sample_name	cutoff
0.39999999999999997	0.004661483666612611	im_gf	im4_gf1	0.27
