ks_stat	p.value	Condition	sample_name	cutoff
0.22500000000000003	0.014184229458356824	im_rm	im4_rm4	0.37
