ks_stat	p.value	Condition	sample_name	cutoff
0.5998376623376623	5.163429044503425e-44	im_rm	im4_rm2	0.30
