ks_stat	p.value	Condition	sample_name	cutoff
0.6041666666666673	4.183111840474964e-11	im_rm	im4_rm3	0.35
