ks_stat	p.value	Condition	sample_name	cutoff
0.834375000000001	1.6286146711999107e-72	im_rm	im4_rm2	0.18
