ks_stat	p.value	Condition	sample_name	cutoff
0.1819196428571428	0.1274570550372231	im_gf	im4_gf3	0.41
