ks_stat	p.value	Condition	sample_name	cutoff
0.38504464285714274	2.224880271457241e-4	im_gf	im4_gf2	0.2
