ks_stat	p.value	Condition	sample_name	cutoff
0.7135416666666659	3.8027579917173233e-22	im_rm	im4_rm3	0.54
