ks_stat	p.value	Condition	sample_name	cutoff
0.3671874999999998	6.78118486388827e-4	im_rm	im4_rm1	0.58
