ks_stat	p.value	Condition	sample_name	cutoff
0.491071428571429	5.112761740350285e-5	im_rm	im4_rm1	0.42
