ks_stat	p.value	Condition	sample_name	cutoff
0.14285714285714285	0.33663895388038734	im_rm	im4_rm4	0.43
