ks_stat	p.value	Condition	sample_name	cutoff
0.3333333333333334	5.083632776776806e-4	im_gf	im4_gf2	0.12
