ks_stat	p.value	Condition	sample_name	cutoff
0.8164062499999997	1.0025820599208418e-47	im_rm	im4_rm2	0.12
