ks_stat	p.value	Condition	sample_name	cutoff
0.5048076923076926	5.556898354905338e-13	im_rm	im4_rm3	0.23
