ks_stat	p.value	Condition	sample_name	cutoff
0.5336538461538467	1.8571142364809473e-14	im_rm	im4_rm2	0.54
