ks_stat	p.value	Condition	sample_name	cutoff
0.5763888888888891	5.523569436362467e-10	im_rm	im4_rm1	0.46
