ks_stat	p.value	Condition	sample_name	cutoff
0.25833333333333314	0.12110947518383279	im_gf	im4_gf3	0.46
