ks_stat	p.value	Condition	sample_name	cutoff
0.3333333333333333	0.39495798319327724	im_gf	im4_gf1	0.68
