ks_stat	p.value	Condition	sample_name	cutoff
0.6636904761904749	7.19911863569038e-50	im_rm	im4_rm4	0.13
