ks_stat	p.value	Condition	sample_name	cutoff
0.3999999999999999	0.020701853074384945	im_gf	im4_gf3	0.53
