ks_stat	p.value	Condition	sample_name	cutoff
0.5941558441558442	3.425963945959197e-43	im_rm	im4_rm2	0.31
