ks_stat	p.value	Condition	sample_name	cutoff
0.6597222222222228	1.195991793884449e-13	im_rm	im4_rm3	0.61
