ks_stat	p.value	Condition	sample_name	cutoff
0.4375000000000003	0.014407318344359788	im_gf	im4_gf4	0.47
