ks_stat	p.value	Condition	sample_name	cutoff
0.12500000000000003	0.6737943385824767	im_rm	im4_rm4	0.49
