ks_stat	p.value	Condition	sample_name	cutoff
0.4672619047619047	9.073228661068924e-5	im_gf	im4_gf1	0.31
