ks_stat	p.value	Condition	sample_name	cutoff
0.21904761904761838	0.0024192126604540122	nc_rm	nc1_rm2	0.32
