ks_stat	p.value	Condition	sample_name	cutoff
0.28571428571428564	0.03185577089456511	nc_gf	nc1_gf2	0.18
