ks_stat	p.value	Condition	sample_name	cutoff
0.6333333333333333	7.57056511086482e-5	nc_rm	nc1_rm1	0.19
