ks_stat	p.value	Condition	sample_name	cutoff
0.14285714285714302	0.13964491915066762	nc_gf	nc1_gf3	0.21
