ks_stat	p.value	Condition	sample_name	cutoff
0.5238095238095222	4.155344548767673e-17	nc_rm	nc1_rm2	0.2
