ks_stat	p.value	Condition	sample_name	cutoff
0.3736263736263737	5.227103033460565e-6	nc_rm	nc1_rm4	0.27
