ks_stat	p.value	Condition	sample_name	cutoff
0.1666666666666667	0.8355731225296442	nc_gf	nc1_gf3	0.72
