ks_stat	p.value	Condition	sample_name	cutoff
0.23619047619047617	0.002698972280773888	nc_gf	nc1_gf4	0.14
