ks_stat	p.value	Condition	sample_name	cutoff
0.6000000000000001	7.133170062095015e-6	nc_rm	nc1_rm3	0.12
