ks_stat	p.value	Condition	sample_name	cutoff
0.2102564102564105	0.037118313089387484	nc_rm	nc1_rm2	0.54
