ks_stat	p.value	Condition	sample_name	cutoff
0.4619883040935672	9.533656048061836e-12	nc_rm	nc1_rm4	0.16
