ks_stat	p.value	Condition	sample_name	cutoff
0.20000000000000007	0.691039674190888	nc_rm	nc1_rm2	0.72
