ks_stat	p.value	Condition	sample_name	cutoff
0.7051282051282046	4.303575075134938e-18	nc_rm	nc1_rm4	0.1
