ks_stat	p.value	Condition	sample_name	cutoff
0.18461538461538474	0.07539025250272119	nc_rm	nc1_rm2	0.53
