ks_stat	p.value	Condition	sample_name	cutoff
0.19340659340659327	0.0355478311824096	nc_rm	nc1_rm3	0.2
