ks_stat	p.value	Condition	sample_name	cutoff
0.34285714285714275	0.03645916820041244	nc_rm	nc1_rm3	0.7
