ks_stat	p.value	Condition	sample_name	cutoff
0.14545454545454548	0.335622573647712	nc_gf	nc1_gf3	0.26
