ks_stat	p.value	Condition	sample_name	cutoff
0.24242424242424232	0.007627096282358813	nc_gf	nc1_gf1	0.2
