ks_stat	p.value	Condition	sample_name	cutoff
0.2844444444444442	0.014450019806553305	nc_rm	nc1_rm3	0.34
