ks_stat	p.value	Condition	sample_name	cutoff
0.23809523809523808	0.17470344484851388	nc_gf	nc1_gf2	0.19
