ks_stat	p.value	Condition	sample_name	cutoff
0.16666666666666663	0.1019435541229507	nc_gf	nc1_gf4	0.2
