ks_stat	p.value	Condition	sample_name	cutoff
0.24090909090909074	0.019181685824685234	nc_rm	nc1_rm3	0.28
