ks_stat	p.value	Condition	sample_name	cutoff
0.10294117647058826	0.6364113503402785	nc_gf	nc1_gf3	0.16
