ks_stat	p.value	Condition	sample_name	cutoff
0.4352941176470577	9.43558619361003e-10	nc_rm	nc1_rm2	0.26
