ks_stat	p.value	Condition	sample_name	cutoff
0.3333333333333334	2.35608602607419e-5	nc_rm	nc1_rm4	0.26
