ks_stat	p.value	Condition	sample_name	cutoff
0.14285714285714285	0.48679872432414073	nc_rm	nc1_rm4	0.41
