ks_stat	p.value	Condition	sample_name	cutoff
0.47619047619047616	9.01946411252799e-4	nc_rm	nc1_rm1	0.61
