ks_stat	p.value	Condition	sample_name	cutoff
0.2794117647058819	5.674978291272227e-4	nc_gf	nc1_gf4	0.11
