ks_stat	p.value	Condition	sample_name	cutoff
0.20512820512820518	0.04427918946753062	nc_rm	nc1_rm4	0.33
