ks_stat	p.value	Condition	sample_name	cutoff
0.25833333333333336	4.4297973955338487e-4	nc_gf	nc1_gf4	0.12
