ks_stat	p.value	Condition	sample_name	cutoff
0.07619047619047623	0.8111590640384685	nc_gf	nc1_gf3	0.14
