ks_stat	p.value	Condition	sample_name	cutoff
0.19999999999999996	0.8936715458454588	nc_rm	nc1_rm2	0.8
