ks_stat	p.value	Condition	sample_name	cutoff
0.2409090909090908	0.01867809047521065	nc_rm	nc1_rm3	0.25
