ks_stat	p.value	Condition	sample_name	cutoff
0.2622222222222221	0.025643094241235696	nc_rm	nc1_rm3	0.36
