ks_stat	p.value	Condition	sample_name	cutoff
0.2545454545454546	0.013182742519454328	nc_gf	nc1_gf1	0.18
