ks_stat	p.value	Condition	sample_name	cutoff
0.5333333333333324	1.0149826707919602e-17	nc_rm	nc1_rm2	0.24
