ks_stat	p.value	Condition	sample_name	cutoff
0.5000000000000013	1.8454039987122035e-12	nc_rm	nc1_rm4	0.11
