ks_stat	p.value	Condition	sample_name	cutoff
0.5357142857142856	2.1752006497837947e-5	nc_rm	nc1_rm1	0.53
