ks_stat	p.value	Condition	sample_name	cutoff
0.3076923076923078	6.892652801477705e-4	nc_rm	nc1_rm4	0.28
