ks_stat	p.value	Condition	sample_name	cutoff
0.35714285714285704	0.008181820938972965	nc_rm	nc1_rm1	0.6
