ks_stat	p.value	Condition	sample_name	cutoff
0.1523809523809524	0.6708618842512011	nc_gf	nc1_gf3	0.43
