ks_stat	p.value	Condition	sample_name	cutoff
0.0888888888888889	0.7538828958314486	nc_rm	nc1_rm4	0.37
