ks_stat	p.value	Condition	sample_name	cutoff
0.29090909090909095	0.006308415179669189	nc_rm	nc1_rm3	0.37
