ks_stat	p.value	Condition	sample_name	cutoff
0.2875816993464052	1.6997044595962947e-4	nc_rm	nc1_rm4	0.23
