ks_stat	p.value	Condition	sample_name	cutoff
0.18181818181818177	0.07963875578464867	nc_gf	nc1_gf1	0.15
