ks_stat	p.value	Condition	sample_name	cutoff
0.5999999999999999	2.3005312328937582e-10	nc_rm	nc1_rm3	0.15
