ks_stat	p.value	Condition	sample_name	cutoff
0.11428571428571419	0.3199679599231521	nc_gf	nc1_gf3	0.11
