ks_stat	p.value	Condition	sample_name	cutoff
0.1403508771929826	0.18021560199342979	nc_gf	nc1_gf3	0.12
