ks_stat	p.value	Condition	sample_name	cutoff
0.39285714285714274	0.0027807845176298094	nc_gf	nc1_gf2	0.17
