ks_stat	p.value	Condition	sample_name	cutoff
0.6368421052631589	1.6640071492966024e-23	nc_rm	nc1_rm4	0.14
