ks_stat	p.value	Condition	sample_name	cutoff
0.17582417582417578	0.04828718358141647	nc_gf	nc1_gf4	0.16
