ks_stat	p.value	Condition	sample_name	cutoff
0.1272727272727273	0.41410997015011475	nc_rm	nc1_rm4	0.35
