ks_stat	p.value	Condition	sample_name	cutoff
0.5583333333333338	5.830168831973853e-16	nc_rm	nc1_rm2	0.16
