ks_stat	p.value	Condition	sample_name	cutoff
0.22083333333333333	0.005013364519297857	nc_rm	nc1_rm2	0.51
