ks_stat	p.value	Condition	sample_name	cutoff
0.3202614379084966	1.7892000185163067e-5	nc_rm	nc1_rm4	0.18
