ks_stat	p.value	Condition	sample_name	cutoff
0.557894736842106	3.879280957929922e-18	nc_rm	nc1_rm4	0.15
