ks_stat	p.value	Condition	sample_name	cutoff
0.7999999999999998	9.121313469139555e-4	nc_gf	nc1_gf1	0.64
