ks_stat	p.value	Condition	sample_name	cutoff
0.13333333333333336	0.8797966704747447	nc_rm	nc1_rm1	0.15
