ks_stat	p.value	Condition	sample_name	cutoff
0.11111111111111116	0.679504736283348	nc_gf	nc1_gf3	0.37
