ks_stat	p.value	Condition	sample_name	cutoff
0.33030303030303	4.676915527324735e-4	nc_rm	nc1_rm3	0.39
