ks_stat	p.value	Condition	sample_name	cutoff
0.6857142857142857	1.5527947650334647e-7	nc_rm	nc1_rm1	0.18
