ks_stat	p.value	Condition	sample_name	cutoff
0.2287581699346401	0.005312885371411309	nc_rm	nc1_rm2	0.47
