ks_stat	p.value	Condition	sample_name	cutoff
0.3047619047619047	0.061341914275629864	nc_gf	nc1_gf1	0.36
