ks_stat	p.value	Condition	sample_name	cutoff
0.11212121212121212	0.44519775444721466	nc_rm	nc1_rm3	0.46
