ks_stat	p.value	Condition	sample_name	cutoff
0.26666666666666666	0.9019607843137255	nc_rm	nc1_rm4	0.86
