ks_stat	p.value	Condition	sample_name	cutoff
0.22794117647058826	0.008717931659098793	nc_rm	nc1_rm2	0.44
