ks_stat	p.value	Condition	sample_name	cutoff
0.3333333333333333	0.44607843137254893	nc_rm	nc1_rm1	0.83
