ks_stat	p.value	Condition	sample_name	cutoff
0.24999999999999994	0.09140144931192956	nc_rm	nc1_rm1	0.11
