ks_stat	p.value	Condition	sample_name	cutoff
0.3333333333333333	0.029583338488568544	nc_gf	nc1_gf4	0.32
