ks_stat	p.value	Condition	sample_name	cutoff
0.30909090909090914	0.0037701493778385265	nc_rm	nc1_rm3	0.31
