ks_stat	p.value	Condition	sample_name	cutoff
0.24090909090909074	0.01867809047521065	nc_rm	nc1_rm3	0.24
