ks_stat	p.value	Condition	sample_name	cutoff
0.3047619047619047	0.07373329909913234	nc_rm	nc1_rm1	0.42
