ks_stat	p.value	Condition	sample_name	cutoff
0.39999999999999997	0.018995197644157906	nc_rm	nc1_rm1	0.68
