ks_stat	p.value	Condition	sample_name	cutoff
0.2439393939393938	0.01646245981974003	nc_rm	nc1_rm2	0.56
