ks_stat	p.value	Condition	sample_name	cutoff
0.16666666666666663	0.1443446500246643	nc_rm	nc1_rm4	0.34
