ks_stat	p.value	Condition	sample_name	cutoff
0.19047619047619047	0.3601886266290284	nc_rm	nc1_rm1	0.16
