ks_stat	p.value	Condition	sample_name	cutoff
0.10476190476190478	0.42598164171603536	nc_gf	nc1_gf3	0.13
