ks_stat	p.value	Condition	sample_name	cutoff
0.4083333333333341	1.0851376845734771e-8	nc_rm	nc1_rm2	0.12
