ks_stat	p.value	Condition	sample_name	cutoff
0.39766081871345027	8.178092769858859e-9	nc_rm	nc1_rm4	0.17
