ks_stat	p.value	Condition	sample_name	cutoff
0.40000000000000024	8.930768603438032e-4	nc_rm	nc1_rm3	0.58
