ks_stat	p.value	Condition	sample_name	cutoff
0.4000000000000002	7.776980462739838e-4	nc_rm	nc1_rm3	0.62
