ks_stat	p.value	Condition	sample_name	cutoff
0.24836601307189554	0.0018401721515153794	nc_rm	nc1_rm2	0.45
