ks_stat	p.value	Condition	sample_name	cutoff
0.16363636363636366	0.1995677051183931	nc_gf	nc1_gf1	0.16
