ks_stat	p.value	Condition	sample_name	cutoff
0.46274509803921515	5.772894593828161e-11	nc_rm	nc1_rm2	0.1
