ks_stat	p.value	Condition	sample_name	cutoff
0.23742690058479532	0.002045254724741407	nc_rm	nc1_rm2	0.46
