ks_stat	p.value	Condition	sample_name	cutoff
0.318181818181818	4.474656635268428e-4	nc_gf	nc1_gf2	0.1
