ks_stat	p.value	Condition	sample_name	cutoff
0.12000000000000002	0.9529547204741867	nc_gf	nc1_gf3	0.63
