ks_stat	p.value	Condition	sample_name	cutoff
0.19230769230769235	0.03254573831667565	nc_gf	nc1_gf4	0.21
