ks_stat	p.value	Condition	sample_name	cutoff
0.24999999999999994	0.10128612413993943	nc_rm	nc1_rm1	0.41
