ks_stat	p.value	Condition	sample_name	cutoff
0.4222222222222225	3.6321160300238555e-4	nc_rm	nc1_rm3	0.1
