ks_stat	p.value	Condition	sample_name	cutoff
0.3999999999999999	0.661764705882353	nc_rm	nc1_rm2	0.85
