ks_stat	p.value	Condition	sample_name	cutoff
0.23333333333333334	0.3413784605334499	nc_gf	nc1_gf1	0.24
