ks_stat	p.value	Condition	sample_name	cutoff
0.13333333333333333	0.41598437419472933	nc_gf	nc1_gf3	0.28
