ks_stat	p.value	Condition	sample_name	cutoff
0.19047619047619047	0.35803505247562056	nc_gf	nc1_gf4	0.27
