ks_stat	p.value	Condition	sample_name	cutoff
0.1111111111111111	0.6059112712565589	nc_rm	nc1_rm4	0.4
