ks_stat	p.value	Condition	sample_name	cutoff
0.44999999999999996	0.11223559049646006	nc_rm	nc1_rm1	0.24
