ks_stat	p.value	Condition	sample_name	cutoff
0.3333333333333333	0.6139705882352942	nc_gf	nc1_gf3	0.89
