ks_stat	p.value	Condition	sample_name	cutoff
0.15000000000000005	0.9542631281761718	nc_rm	nc1_rm4	0.71
