ks_stat	p.value	Condition	sample_name	cutoff
0.21904761904761896	0.008302810080096274	nc_rm	nc1_rm2	0.5
