ks_stat	p.value	Condition	sample_name	cutoff
0.23619047619047617	0.0026114697759778817	nc_gf	nc1_gf4	0.13
