ks_stat	p.value	Condition	sample_name	cutoff
0.44222222222222185	3.060200160106812e-5	nc_rm	nc1_rm1	0.47
