ks_stat	p.value	Condition	sample_name	cutoff
0.4865497076023392	5.538918902075252e-13	nc_rm	nc1_rm2	0.11
