ks_stat	p.value	Condition	sample_name	cutoff
0.31515151515151485	8.15357598820147e-4	nc_rm	nc1_rm3	0.54
