ks_stat	p.value	Condition	sample_name	cutoff
0.18681318681318676	0.030488093035430507	nc_gf	nc1_gf1	0.13
