ks_stat	p.value	Condition	sample_name	cutoff
0.41999999999999965	8.036582580869544e-5	nc_rm	nc1_rm3	0.56
