ks_stat	p.value	Condition	sample_name	cutoff
0.25146198830409355	8.846414161273222e-4	nc_rm	nc1_rm4	0.21
