ks_stat	p.value	Condition	sample_name	cutoff
0.19999999999999987	0.010585900782943572	nc_rm	nc1_rm2	0.34
