ks_stat	p.value	Condition	sample_name	cutoff
0.19780219780219774	0.03356681332730953	nc_rm	nc1_rm4	0.32
