ks_stat	p.value	Condition	sample_name	cutoff
0.30000000000000004	0.19041359085852966	nc_gf	nc1_gf2	0.37
