ks_stat	p.value	Condition	sample_name	cutoff
0.26666666666666666	0.20493896033328063	nc_gf	nc1_gf4	0.36
