ks_stat	p.value	Condition	sample_name	cutoff
0.27941176470588225	5.674978291272127e-4	nc_rm	nc1_rm2	0.41
