ks_stat	p.value	Condition	sample_name	cutoff
0.6654970760233903	6.4223508892620005e-24	nc_rm	nc1_rm2	0.19
