ks_stat	p.value	Condition	sample_name	cutoff
0.28888888888888886	0.009348134201826664	nc_rm	nc1_rm1	0.1
