ks_stat	p.value	Condition	sample_name	cutoff
0.1515151515151514	0.20959032668047894	nc_gf	nc1_gf3	0.24
