ks_stat	p.value	Condition	sample_name	cutoff
0.4000000000000004	2.1523902960729442e-6	nc_rm	nc1_rm3	0.19
