ks_stat	p.value	Condition	sample_name	cutoff
0.35555555555555546	0.0012679772467678303	nc_rm	nc1_rm2	0.58
