ks_stat	p.value	Condition	sample_name	cutoff
0.3333333333333333	0.05116478916729872	nc_rm	nc1_rm1	0.28
