ks_stat	p.value	Condition	sample_name	cutoff
0.5111111111111111	2.7770854390945368e-14	nc_rm	nc1_rm4	0.12
