ks_stat	p.value	Condition	sample_name	cutoff
0.26666666666666666	0.24029196383412982	nc_rm	nc1_rm1	0.33
