ks_stat	p.value	Condition	sample_name	cutoff
0.4571428571428558	3.933818302071458e-13	nc_rm	nc1_rm2	0.23
