ks_stat	p.value	Condition	sample_name	cutoff
0.5999999999999999	2.3069509821125344e-10	nc_rm	nc1_rm3	0.16
