ks_stat	p.value	Condition	sample_name	cutoff
0.6000000000000001	1.6600721094767597e-10	nc_rm	nc1_rm3	0.17
