ks_stat	p.value	Condition	sample_name	cutoff
0.07142857142857148	0.9647863848085454	nc_gf	nc1_gf3	0.42
