ks_stat	p.value	Condition	sample_name	cutoff
0.28104575163398693	2.590005263362963e-4	nc_rm	nc1_rm4	0.25
