ks_stat	p.value	Condition	sample_name	cutoff
0.3749999999999997	0.0049522088803972105	nc_rm	nc1_rm3	0.63
