ks_stat	p.value	Condition	sample_name	cutoff
0.2222222222222222	0.004802595082224357	nc_rm	nc1_rm2	0.36
