ks_stat	p.value	Condition	sample_name	cutoff
0.5073529411764697	4.036731237370044e-12	nc_rm	nc1_rm2	0.14
