ks_stat	p.value	Condition	sample_name	cutoff
0.2467532467532466	2.2917962477022013e-4	nc_rm	nc1_rm2	0.30
