ks_stat	p.value	Condition	sample_name	cutoff
0.26315789473684215	4.241177470448031e-4	nc_gf	nc1_gf4	0.1
