ks_stat	p.value	Condition	sample_name	cutoff
0.20952380952380928	0.014532047360187197	nc_rm	nc1_rm2	0.52
