ks_stat	p.value	Condition	sample_name	cutoff
0.5515151515151524	4.1118035333757045e-20	nc_rm	nc1_rm2	0.21
