ks_stat	p.value	Condition	sample_name	cutoff
0.25789473684210507	3.281904951350329e-4	nc_rm	nc1_rm2	0.39
