ks_stat	p.value	Condition	sample_name	cutoff
0.26666666666666666	0.016281144009732157	nc_gf	nc1_gf2	0.11
