ks_stat	p.value	Condition	sample_name	cutoff
0.28021978021978006	0.0012141607490475327	nc_rm	nc1_rm3	0.21
