ks_stat	p.value	Condition	sample_name	cutoff
0.4166666666666668	2.093825937818665e-4	nc_rm	nc1_rm1	0.45
