ks_stat	p.value	Condition	sample_name	cutoff
0.3957894736842106	2.435012859111893e-9	nc_rm	nc1_rm2	0.28
