ks_stat	p.value	Condition	sample_name	cutoff
0.2091503267973857	0.014059027782706185	nc_gf	nc1_gf1	0.1
