ks_stat	p.value	Condition	sample_name	cutoff
0.33030303030303004	4.6777850311333384e-4	nc_rm	nc1_rm3	0.43
