ks_stat	p.value	Condition	sample_name	cutoff
0.18974358974358982	0.032385333762311244	nc_gf	nc1_gf4	0.18
