ks_stat	p.value	Condition	sample_name	cutoff
0.4128654970760233	1.8152002783282193e-9	nc_rm	nc1_rm2	0.27
