ks_stat	p.value	Condition	sample_name	cutoff
0.5200000000000015	8.188940550085249e-16	nc_rm	nc1_rm2	0.18
