ks_stat	p.value	Condition	sample_name	cutoff
0.6476190476190464	6.31482018383546e-26	nc_rm	nc1_rm4	0.13
