ks_stat	p.value	Condition	sample_name	cutoff
0.1323529411764705	0.3187044376770318	nc_gf	nc1_gf3	0.2
