ks_stat	p.value	Condition	sample_name	cutoff
0.5999999999999996	1.7271529273306317e-9	nc_rm	nc1_rm3	0.14
