ks_stat	p.value	Condition	sample_name	cutoff
0.24999999999999994	0.06106028348571203	nc_gf	nc1_gf4	0.29
