ks_stat	p.value	Condition	sample_name	cutoff
0.3333333333333333	0.3823529411764706	nc_gf	nc1_gf1	0.68
