ks_stat	p.value	Condition	sample_name	cutoff
0.217948717948718	0.021182652239516223	nc_rm	nc1_rm3	0.23
