ks_stat	p.value	Condition	sample_name	cutoff
0.27777777777777785	0.021024006564392995	nc_gf	nc1_gf2	0.12
