ks_stat	p.value	Condition	sample_name	cutoff
0.3607142857142854	0.006045719237035103	nc_rm	nc1_rm1	0.43
