ks_stat	p.value	Condition	sample_name	cutoff
0.5286549707602337	2.9919246982416967e-15	nc_rm	nc1_rm2	0.17
