ks_stat	p.value	Condition	sample_name	cutoff
0.39999999999999997	0.02184232983513615	nc_gf	nc1_gf1	0.37
