ks_stat	p.value	Condition	sample_name	cutoff
0.3185770750988136	2.1445348450643108e-7	nc_rm	nc1_rm2	0.29
