ks_stat	p.value	Condition	sample_name	cutoff
0.06421052631578948	0.949900405781121	nc_gf	nc1_gf3	0.1
