ks_stat	p.value	Condition	sample_name	cutoff
0.16190476190476188	0.5545834636457715	nc_rm	nc1_rm4	0.47
