ks_stat	p.value	Condition	sample_name	cutoff
0.30909090909090914	0.0024728974018783673	nc_rm	nc1_rm2	0.57
