ks_stat	p.value	Condition	sample_name	cutoff
0.14285714285714285	0.5461847766446207	nc_rm	nc1_rm4	0.44
