ks_stat	p.value	Condition	sample_name	cutoff
0.6000000000000002	3.1481204026223916e-8	nc_rm	nc1_rm3	0.13
