ks_stat	p.value	Condition	sample_name	cutoff
0.15000000000000005	0.9208400295356817	nc_rm	nc1_rm3	0.82
