ks_stat	p.value	Condition	sample_name	cutoff
0.35714285714285704	0.00791953040797978	nc_rm	nc1_rm2	0.66
