ks_stat	p.value	Condition	sample_name	cutoff
0.40555555555555584	4.326869516986143e-4	nc_rm	nc1_rm1	0.49
