ks_stat	p.value	Condition	sample_name	cutoff
0.26666666666666666	0.9607843137254901	nc_rm	nc1_rm3	0.88
