ks_stat	p.value	Condition	sample_name	cutoff
0.20000000000000004	0.08056725906245829	nc_gf	nc1_gf4	0.24
