ks_stat	p.value	Condition	sample_name	cutoff
0.22857142857142848	0.006447871839737147	nc_rm	nc1_rm4	0.30
