ks_stat	p.value	Condition	sample_name	cutoff
0.30555555555555564	0.010609133727713055	nc_gf	nc1_gf1	0.21
