ks_stat	p.value	Condition	sample_name	cutoff
0.39999999999999997	0.03147016821789249	nc_rm	nc1_rm1	0.31
