ks_stat	p.value	Condition	sample_name	cutoff
0.18382352941176472	0.05831211051063341	nc_rm	nc1_rm2	0.49
