ks_stat	p.value	Condition	sample_name	cutoff
0.30000000000000004	0.2966295357023617	nc_rm	nc1_rm1	0.32
