ks_stat	p.value	Condition	sample_name	cutoff
0.5136842105263163	1.9264178314679536e-15	nc_rm	nc1_rm2	0.25
