ks_stat	p.value	Condition	sample_name	cutoff
0.4264705882352935	1.090546125402339e-8	nc_rm	nc1_rm2	0.13
