ks_stat	p.value	Condition	sample_name	cutoff
0.21060606060606046	0.045951386985314396	nc_rm	nc1_rm3	0.53
