ks_stat	p.value	Condition	sample_name	cutoff
0.15000000000000005	0.9507449072666462	nc_gf	nc1_gf3	0.56
