ks_stat	p.value	Condition	sample_name	cutoff
0.16666666666666666	0.8837032532684705	nc_rm	nc1_rm1	0.8
