ks_stat	p.value	Condition	sample_name	cutoff
0.9999999999999999	4.34348260435217e-6	nc_gf	nc1_gf1	0.47
