ks_stat	p.value	Condition	sample_name	cutoff
0.4166666666666668	2.6163167078122686e-4	nc_rm	nc1_rm1	0.52
