ks_stat	p.value	Condition	sample_name	cutoff
0.22640692640692678	9.622264658899715e-4	nc_rm	nc1_rm2	0.31
