ks_stat	p.value	Condition	sample_name	cutoff
0.13333333333333336	0.8366035147547597	nc_gf	nc1_gf3	0.49
