ks_stat	p.value	Condition	sample_name	cutoff
0.10784313725490155	0.5066940194412695	nc_gf	nc2_gf3	0.18
