ks_stat	p.value	Condition	sample_name	cutoff
0.6666666666666662	4.310290461892273e-12	nc_rm	nc2_rm3	0.14
