ks_stat	p.value	Condition	sample_name	cutoff
0.19172113289760367	0.01904311879839871	nc_rm	nc2_rm2	0.47
