ks_stat	p.value	Condition	sample_name	cutoff
0.4970760233918121	4.181851055791899e-15	nc_rm	nc2_rm4	0.12
