ks_stat	p.value	Condition	sample_name	cutoff
0.49707602339181056	4.181851055792761e-15	nc_rm	nc2_rm2	0.11
