ks_stat	p.value	Condition	sample_name	cutoff
0.05555555555555555	0.9821629896504043	nc_gf	nc2_gf3	0.37
