ks_stat	p.value	Condition	sample_name	cutoff
0.13333333333333333	0.8050392358935359	nc_gf	nc2_gf3	0.5
