ks_stat	p.value	Condition	sample_name	cutoff
0.06862745098039195	0.946542705444832	nc_gf	nc2_gf3	0.17
