ks_stat	p.value	Condition	sample_name	cutoff
0.4191919191919191	2.183433188158557e-6	nc_gf	nc2_gf1	0.15
