ks_stat	p.value	Condition	sample_name	cutoff
0.5000000000000001	3.1683179374429354e-11	nc_rm	nc2_rm3	0.21
