ks_stat	p.value	Condition	sample_name	cutoff
0.14035087719298245	0.13507864986854673	nc_gf	nc2_gf3	0.12
