ks_stat	p.value	Condition	sample_name	cutoff
0.2803030303030298	0.0021727225650338654	nc_rm	nc2_rm2	0.56
