ks_stat	p.value	Condition	sample_name	cutoff
0.17857142857142855	0.3284148844534033	nc_rm	nc2_rm4	0.45
