ks_stat	p.value	Condition	sample_name	cutoff
0.06666666666666655	0.9269307650119754	nc_gf	nc2_gf3	0.28
