ks_stat	p.value	Condition	sample_name	cutoff
0.40196078431372445	1.3219316405201617e-8	nc_rm	nc2_rm2	0.43
