ks_stat	p.value	Condition	sample_name	cutoff
0.4374999999999999	6.264978140640314e-4	nc_rm	nc2_rm1	0.11
