ks_stat	p.value	Condition	sample_name	cutoff
0.43589743589743607	1.1528675146078157e-7	nc_rm	nc2_rm2	0.54
