ks_stat	p.value	Condition	sample_name	cutoff
0.33333333333333304	0.05225941034414835	nc_rm	nc2_rm1	0.33
