ks_stat	p.value	Condition	sample_name	cutoff
0.40476190476190466	0.006508229351164789	nc_rm	nc2_rm1	0.13
