ks_stat	p.value	Condition	sample_name	cutoff
0.0714285714285712	0.8165268360126564	nc_gf	nc2_gf3	0.14
