ks_stat	p.value	Condition	sample_name	cutoff
0.4880174291938979	1.6010215635785887e-13	nc_rm	nc2_rm2	0.1
