ks_stat	p.value	Condition	sample_name	cutoff
0.46296296296296346	4.586121042476126e-5	nc_rm	nc2_rm1	0.56
