ks_stat	p.value	Condition	sample_name	cutoff
0.5625000000000007	4.401403975950358e-15	nc_rm	nc2_rm4	0.11
