ks_stat	p.value	Condition	sample_name	cutoff
0.47619047619047616	7.839150506479426e-4	nc_gf	nc2_gf1	0.29
