ks_stat	p.value	Condition	sample_name	cutoff
0.26666666666666666	0.13218825021834932	nc_gf	nc2_gf4	0.44
