ks_stat	p.value	Condition	sample_name	cutoff
0.17777777777777795	0.013778705969770204	nc_gf	nc2_gf3	0.11
