ks_stat	p.value	Condition	sample_name	cutoff
0.46296296296296346	5.554461839862931e-5	nc_rm	nc2_rm1	0.45
