ks_stat	p.value	Condition	sample_name	cutoff
0.33333333333333337	0.2061042684294956	nc_rm	nc2_rm1	0.69
