ks_stat	p.value	Condition	sample_name	cutoff
0.3444444444444444	0.05293022631497003	nc_gf	nc2_gf1	0.23
