ks_stat	p.value	Condition	sample_name	cutoff
0.5384615384615385	1.4947110649615162e-11	nc_rm	nc2_rm4	0.1
