ks_stat	p.value	Condition	sample_name	cutoff
0.361111111111111	0.04356678050468475	nc_rm	nc2_rm1	0.31
