ks_stat	p.value	Condition	sample_name	cutoff
0.33333333333333315	0.052178236796133946	nc_rm	nc2_rm1	0.38
