ks_stat	p.value	Condition	sample_name	cutoff
0.30476190476190523	8.869969900817504e-7	nc_rm	nc2_rm2	0.32
