ks_stat	p.value	Condition	sample_name	cutoff
0.4191919191919188	2.181650468340089e-6	nc_gf	nc2_gf1	0.2
