ks_stat	p.value	Condition	sample_name	cutoff
0.3333333333333332	0.3753054608227022	nc_gf	nc2_gf3	0.56
