ks_stat	p.value	Condition	sample_name	cutoff
0.42765567765567764	1.7113704233568784e-8	nc_rm	nc2_rm3	0.2
