ks_stat	p.value	Condition	sample_name	cutoff
0.217948717948718	0.022656985750515467	nc_rm	nc2_rm4	0.33
