ks_stat	p.value	Condition	sample_name	cutoff
0.3333333333333335	0.1631900783753375	nc_gf	nc2_gf3	0.69
