ks_stat	p.value	Condition	sample_name	cutoff
0.3333333333333333	0.00752197005649039	nc_rm	nc2_rm2	0.61
