ks_stat	p.value	Condition	sample_name	cutoff
0.502923976608185	1.879026802991836e-15	nc_rm	nc2_rm2	0.27
