ks_stat	p.value	Condition	sample_name	cutoff
0.13333333333333333	0.9376486243559048	nc_rm	nc2_rm4	0.6
