ks_stat	p.value	Condition	sample_name	cutoff
0.12962962962962965	0.49383238565918275	nc_rm	nc2_rm4	0.4
