ks_stat	p.value	Condition	sample_name	cutoff
0.07142857142857142	0.9888818605815077	nc_gf	nc2_gf3	0.43
