ks_stat	p.value	Condition	sample_name	cutoff
0.40476190476190443	0.005433238449626563	nc_rm	nc2_rm3	0.72
