ks_stat	p.value	Condition	sample_name	cutoff
0.35897435897435914	5.14601456386303e-6	nc_gf	nc2_gf4	0.18
