ks_stat	p.value	Condition	sample_name	cutoff
0.4150326797385614	6.741720885908515e-10	nc_rm	nc2_rm2	0.42
