ks_stat	p.value	Condition	sample_name	cutoff
0.5272727272727273	1.4067592893171374e-8	nc_gf	nc2_gf1	0.19
