ks_stat	p.value	Condition	sample_name	cutoff
0.3333333333333332	0.35516315102521995	nc_rm	nc2_rm4	0.73
