ks_stat	p.value	Condition	sample_name	cutoff
0.2631578947368409	1.5369552392970067e-4	nc_rm	nc2_rm2	0.35
