ks_stat	p.value	Condition	sample_name	cutoff
0.46296296296296346	3.925480163464062e-5	nc_rm	nc2_rm3	0.6
