ks_stat	p.value	Condition	sample_name	cutoff
0.40476190476190455	0.00643691460954601	nc_rm	nc2_rm1	0.63
