ks_stat	p.value	Condition	sample_name	cutoff
0.43333333333333385	4.00195658539945e-9	nc_gf	nc2_gf4	0.12
