ks_stat	p.value	Condition	sample_name	cutoff
0.2444444444444444	0.031854936730867325	nc_rm	nc2_rm2	0.59
