ks_stat	p.value	Condition	sample_name	cutoff
0.3333333333333334	0.0037701070051464635	nc_gf	nc2_gf1	0.21
