ks_stat	p.value	Condition	sample_name	cutoff
0.45670995670995695	1.209024903349905e-15	nc_rm	nc2_rm2	0.30
