ks_stat	p.value	Condition	sample_name	cutoff
0.5686274509803906	8.543895153296034e-17	nc_rm	nc2_rm2	0.14
