ks_stat	p.value	Condition	sample_name	cutoff
0.16666666666666663	0.672364683205835	nc_rm	nc2_rm4	0.53
