ks_stat	p.value	Condition	sample_name	cutoff
0.11587301587301578	0.2450111306171097	nc_gf	nc2_gf3	0.21
