ks_stat	p.value	Condition	sample_name	cutoff
0.48333333333333306	2.3813894892307488e-6	nc_rm	nc2_rm1	0.1
