ks_stat	p.value	Condition	sample_name	cutoff
0.33333333333333337	0.32626331522883245	nc_gf	nc2_gf3	0.72
