ks_stat	p.value	Condition	sample_name	cutoff
0.4853801169590639	2.0139515076899545e-14	nc_rm	nc2_rm4	0.17
