ks_stat	p.value	Condition	sample_name	cutoff
0.0476190476190476	0.9939184421200067	nc_gf	nc2_gf3	0.4
