ks_stat	p.value	Condition	sample_name	cutoff
0.3333333333333329	0.0301984596740524	nc_rm	nc2_rm1	0.29
