ks_stat	p.value	Condition	sample_name	cutoff
0.5000000000000002	4.620162992476662e-10	nc_rm	nc2_rm3	0.23
