ks_stat	p.value	Condition	sample_name	cutoff
0.46508563899867955	3.3455387630717824e-17	nc_rm	nc2_rm2	0.29
