ks_stat	p.value	Condition	sample_name	cutoff
0.39285714285714274	0.0010265927369085422	nc_gf	nc2_gf2	0.17
