ks_stat	p.value	Condition	sample_name	cutoff
0.3333333333333329	0.07415990311364913	nc_rm	nc2_rm2	0.67
