ks_stat	p.value	Condition	sample_name	cutoff
0.24166666666666672	0.003940362886593659	nc_rm	nc2_rm2	0.51
