ks_stat	p.value	Condition	sample_name	cutoff
0.20793650793650792	0.009836325359060812	nc_rm	nc2_rm4	0.31
