ks_stat	p.value	Condition	sample_name	cutoff
0.4374999999999999	6.270608169715623e-4	nc_rm	nc2_rm1	0.44
