ks_stat	p.value	Condition	sample_name	cutoff
0.10294117647058806	0.5672358387770371	nc_gf	nc2_gf3	0.16
