ks_stat	p.value	Condition	sample_name	cutoff
0.3376906318082787	1.0719421563714088e-6	nc_rm	nc2_rm4	0.2
