ks_stat	p.value	Condition	sample_name	cutoff
0.2857142857142857	0.09898383776730088	nc_gf	nc2_gf4	0.28
