ks_stat	p.value	Condition	sample_name	cutoff
0.20000000000000004	0.05114618254194277	nc_gf	nc2_gf4	0.24
