ks_stat	p.value	Condition	sample_name	cutoff
0.5000000000000006	3.0183991312283255e-8	nc_rm	nc2_rm3	0.29
