ks_stat	p.value	Condition	sample_name	cutoff
0.5000000000000006	5.536473626439267e-8	nc_rm	nc2_rm3	0.37
