ks_stat	p.value	Condition	sample_name	cutoff
0.32142857142857134	0.009172357607483998	nc_gf	nc2_gf4	0.29
