ks_stat	p.value	Condition	sample_name	cutoff
0.06666666666666665	0.8836673201817276	nc_gf	nc2_gf3	0.27
