ks_stat	p.value	Condition	sample_name	cutoff
0.46349206349206384	1.5108058173329497e-10	nc_rm	nc2_rm2	0.52
