ks_stat	p.value	Condition	sample_name	cutoff
0.1500000000000001	0.28197177253859257	nc_rm	nc2_rm4	0.36
