ks_stat	p.value	Condition	sample_name	cutoff
0.31904761904761925	1.5487252053380892e-5	nc_rm	nc2_rm2	0.5
