ks_stat	p.value	Condition	sample_name	cutoff
0.14285714285714285	0.5074343412977957	nc_rm	nc2_rm4	0.42
