ks_stat	p.value	Condition	sample_name	cutoff
0.49999999999999994	0.08369500231569196	nc_rm	nc2_rm3	0.82
