ks_stat	p.value	Condition	sample_name	cutoff
0.3611111111111109	0.04311877493612648	nc_rm	nc2_rm1	0.68
