ks_stat	p.value	Condition	sample_name	cutoff
0.39999999999999997	0.02054653855947064	nc_gf	nc2_gf1	0.25
