ks_stat	p.value	Condition	sample_name	cutoff
0.16666666666666663	0.9199696854869269	nc_rm	nc2_rm2	0.74
