ks_stat	p.value	Condition	sample_name	cutoff
0.21637426900584744	0.003307604106652184	nc_rm	nc2_rm2	0.33
