ks_stat	p.value	Condition	sample_name	cutoff
0.36111111111111094	0.04323589433302212	nc_rm	nc2_rm1	0.14
