ks_stat	p.value	Condition	sample_name	cutoff
0.3076923076923078	3.588076127191228e-4	nc_rm	nc2_rm4	0.29
