ks_stat	p.value	Condition	sample_name	cutoff
0.39194139194139194	4.962066321599532e-7	nc_gf	nc2_gf1	0.13
