ks_stat	p.value	Condition	sample_name	cutoff
0.34210526315789436	2.2271361349998948e-7	nc_rm	nc2_rm2	0.46
