ks_stat	p.value	Condition	sample_name	cutoff
0.263636363636364	0.009910401404190129	nc_rm	nc2_rm2	0.57
