ks_stat	p.value	Condition	sample_name	cutoff
0.4999999999999998	0.2962406015037594	nc_rm	nc2_rm4	0.77
