ks_stat	p.value	Condition	sample_name	cutoff
0.4999999999999995	1.550051653808684e-7	nc_rm	nc2_rm3	0.36
