ks_stat	p.value	Condition	sample_name	cutoff
0.4003267973856206	3.077094174295663e-9	nc_rm	nc2_rm4	0.18
