ks_stat	p.value	Condition	sample_name	cutoff
0.08333333333333337	0.6887860568848014	nc_gf	nc2_gf3	0.24
