ks_stat	p.value	Condition	sample_name	cutoff
0.25490196078431254	0.0010270316696596143	nc_rm	nc2_rm2	0.49
