ks_stat	p.value	Condition	sample_name	cutoff
0.18772893772893745	0.03415648534514734	nc_rm	nc2_rm4	0.32
