ks_stat	p.value	Condition	sample_name	cutoff
0.48148148148148207	1.7176362677389768e-5	nc_rm	nc2_rm3	0.1
