ks_stat	p.value	Condition	sample_name	cutoff
0.6666666666666674	3.780687619580057e-10	nc_rm	nc2_rm3	0.13
