ks_stat	p.value	Condition	sample_name	cutoff
0.33333333333333326	0.8421052631578946	nc_rm	nc2_rm1	0.83
