ks_stat	p.value	Condition	sample_name	cutoff
0.40000000000000036	3.930728246148308e-5	nc_gf	nc2_gf1	0.17
