ks_stat	p.value	Condition	sample_name	cutoff
0.45588235294117574	6.017623700111959e-11	nc_gf	nc2_gf4	0.11
