ks_stat	p.value	Condition	sample_name	cutoff
0.23076923076923084	0.011882482409416781	nc_rm	nc2_rm2	0.53
