ks_stat	p.value	Condition	sample_name	cutoff
0.4500000000000006	8.322794788447795e-10	nc_gf	nc2_gf1	0.11
