ks_stat	p.value	Condition	sample_name	cutoff
0.3223443223443221	4.7105473547230295e-5	nc_rm	nc2_rm4	0.27
