ks_stat	p.value	Condition	sample_name	cutoff
0.26666666666666666	0.13178835724761487	nc_gf	nc2_gf2	0.23
