ks_stat	p.value	Condition	sample_name	cutoff
0.46296296296296335	5.405802068558866e-5	nc_rm	nc2_rm1	0.48
