ks_stat	p.value	Condition	sample_name	cutoff
0.5174603174603168	9.672125360750959e-19	nc_rm	nc2_rm2	0.23
