ks_stat	p.value	Condition	sample_name	cutoff
0.5750000000000008	1.5121964033133797e-21	nc_rm	nc2_rm4	0.15
