ks_stat	p.value	Condition	sample_name	cutoff
0.5105263157894752	4.4736932806096235e-17	nc_rm	nc2_rm2	0.28
