ks_stat	p.value	Condition	sample_name	cutoff
0.3333333333333332	0.3964313081554461	nc_rm	nc2_rm1	0.76
