ks_stat	p.value	Condition	sample_name	cutoff
0.3333333333333333	0.7969924812030076	nc_gf	nc2_gf3	0.89
