ks_stat	p.value	Condition	sample_name	cutoff
0.10793650793650794	0.31796847815097884	nc_gf	nc2_gf3	0.13
