ks_stat	p.value	Condition	sample_name	cutoff
0.513888888888889	8.288826780993084e-10	nc_rm	nc2_rm3	0.54
