ks_stat	p.value	Condition	sample_name	cutoff
0.3333333333333335	3.382124901390501e-5	nc_gf	nc2_gf4	0.21
