ks_stat	p.value	Condition	sample_name	cutoff
0.408496732026143	1.3327862900619169e-9	nc_rm	nc2_rm2	0.45
