ks_stat	p.value	Condition	sample_name	cutoff
0.2668845315904138	2.4220903970821345e-4	nc_rm	nc2_rm2	0.4
