ks_stat	p.value	Condition	sample_name	cutoff
0.5701754385964894	9.690682238893524e-20	nc_rm	nc2_rm4	0.16
