ks_stat	p.value	Condition	sample_name	cutoff
0.318181818181818	2.1466158320242022e-4	nc_gf	nc2_gf2	0.1
