ks_stat	p.value	Condition	sample_name	cutoff
0.46349206349206395	1.273999838553674e-10	nc_gf	nc2_gf4	0.13
