ks_stat	p.value	Condition	sample_name	cutoff
0.27777777777777785	0.01450780390659204	nc_gf	nc2_gf2	0.14
