ks_stat	p.value	Condition	sample_name	cutoff
0.512698412698412	2.094431233774106e-18	nc_rm	nc2_rm4	0.13
