ks_stat	p.value	Condition	sample_name	cutoff
0.22850877192982413	9.231710170959393e-4	nc_rm	nc2_rm2	0.34
