ks_stat	p.value	Condition	sample_name	cutoff
0.3365079365079367	6.347062784452308e-6	nc_rm	nc2_rm4	0.26
