ks_stat	p.value	Condition	sample_name	cutoff
0.40476190476190443	0.005731377958296226	nc_rm	nc2_rm3	0.64
