ks_stat	p.value	Condition	sample_name	cutoff
0.3333333333333333	0.024584269264678247	nc_gf	nc2_gf2	0.21
