ks_stat	p.value	Condition	sample_name	cutoff
0.46666666666666734	1.63128570646615e-10	nc_rm	nc2_rm2	0.12
