ks_stat	p.value	Condition	sample_name	cutoff
0.45054945054945056	2.64854065329286e-9	nc_gf	nc2_gf4	0.17
