ks_stat	p.value	Condition	sample_name	cutoff
0.2877192982456136	1.02947549291581e-5	nc_rm	nc2_rm2	0.39
