ks_stat	p.value	Condition	sample_name	cutoff
0.5238095238095234	1.9147957236180432e-20	nc_rm	nc2_rm2	0.21
