ks_stat	p.value	Condition	sample_name	cutoff
0.48333333333333306	2.0064163833101638e-6	nc_rm	nc2_rm3	0.57
