ks_stat	p.value	Condition	sample_name	cutoff
0.4374999999999998	5.333373857205607e-4	nc_rm	nc2_rm3	0.63
