ks_stat	p.value	Condition	sample_name	cutoff
0.6666666666666672	4.280674060471313e-15	nc_rm	nc2_rm3	0.17
