ks_stat	p.value	Condition	sample_name	cutoff
0.4945533769063161	7.09978817651654e-14	nc_rm	nc2_rm2	0.26
