ks_stat	p.value	Condition	sample_name	cutoff
0.16666666666666602	0.04474104280905801	nc_gf	nc2_gf3	0.15
