ks_stat	p.value	Condition	sample_name	cutoff
0.46296296296296335	3.90782956731928e-5	nc_rm	nc2_rm3	0.58
