ks_stat	p.value	Condition	sample_name	cutoff
0.49999999999999994	3.231266426309143e-9	nc_rm	nc2_rm3	0.43
