ks_stat	p.value	Condition	sample_name	cutoff
0.3508771929824558	9.69608951415171e-8	nc_rm	nc2_rm4	0.21
