ks_stat	p.value	Condition	sample_name	cutoff
0.23809523809523808	0.17957376351081755	nc_gf	nc2_gf2	0.19
