ks_stat	p.value	Condition	sample_name	cutoff
0.5108932461873631	8.867701667238897e-15	nc_gf	nc2_gf1	0.1
