ks_stat	p.value	Condition	sample_name	cutoff
0.28571428571428564	0.02923199231888781	nc_gf	nc2_gf2	0.18
