ks_stat	p.value	Condition	sample_name	cutoff
0.3888888888888888	0.029578767613156434	nc_rm	nc2_rm1	0.2
