ks_stat	p.value	Condition	sample_name	cutoff
0.4047619047619048	1.592415724477458e-7	nc_gf	nc2_gf1	0.14
