ks_stat	p.value	Condition	sample_name	cutoff
0.28245614035087674	1.6007553128250824e-5	nc_rm	nc2_rm2	0.38
