ks_stat	p.value	Condition	sample_name	cutoff
0.0882352941176471	0.7545598660669942	nc_gf	nc2_gf3	0.19
