ks_stat	p.value	Condition	sample_name	cutoff
0.6666666666666662	1.4139220465045898e-13	nc_rm	nc2_rm3	0.15
