ks_stat	p.value	Condition	sample_name	cutoff
0.5000000000000002	3.201132562287638e-9	nc_rm	nc2_rm3	0.39
