ks_stat	p.value	Condition	sample_name	cutoff
0.3333333333333333	0.02377394460919542	nc_gf	nc2_gf4	0.32
