ks_stat	p.value	Condition	sample_name	cutoff
0.33333333333333337	0.20915575533322467	nc_rm	nc2_rm1	0.27
