ks_stat	p.value	Condition	sample_name	cutoff
0.43749999999999983	5.771714714255496e-4	nc_rm	nc2_rm1	0.6
