ks_stat	p.value	Condition	sample_name	cutoff
0.2992424242424237	0.0010753376950520203	nc_rm	nc2_rm3	0.26
