ks_stat	p.value	Condition	sample_name	cutoff
0.1636363636363637	0.173350878677266	nc_rm	nc2_rm4	0.35
