ks_stat	p.value	Condition	sample_name	cutoff
0.2954545454545452	5.045600410804826e-4	nc_gf	nc2_gf4	0.23
