ks_stat	p.value	Condition	sample_name	cutoff
0.5031746031746026	9.61276163691035e-18	nc_rm	nc2_rm2	0.2
