ks_stat	p.value	Condition	sample_name	cutoff
0.06666666666666655	0.9116179235528261	nc_gf	nc2_gf3	0.36
