ks_stat	p.value	Condition	sample_name	cutoff
0.4285714285714285	0.0035813227307228794	nc_rm	nc2_rm1	0.18
