ks_stat	p.value	Condition	sample_name	cutoff
0.1919191919191917	0.06525756120189222	nc_rm	nc2_rm4	0.34
