ks_stat	p.value	Condition	sample_name	cutoff
0.49999999999999983	3.5329762558092563e-9	nc_rm	nc2_rm3	0.25
