ks_stat	p.value	Condition	sample_name	cutoff
0.3127705627705636	1.457279647117002e-7	nc_rm	nc2_rm2	0.31
