ks_stat	p.value	Condition	sample_name	cutoff
0.5789473684210482	2.4405354488838847e-20	nc_rm	nc2_rm2	0.17
