ks_stat	p.value	Condition	sample_name	cutoff
0.36111111111111094	0.0381324329144213	nc_rm	nc2_rm1	0.15
