ks_stat	p.value	Condition	sample_name	cutoff
0.14385964912280705	0.09525319786491909	nc_gf	nc2_gf3	0.1
