ks_stat	p.value	Condition	sample_name	cutoff
0.14285714285714285	0.7592812963443704	nc_rm	nc2_rm4	0.47
