ks_stat	p.value	Condition	sample_name	cutoff
0.5000000000000008	3.976931596082256e-6	nc_rm	nc2_rm3	0.35
