ks_stat	p.value	Condition	sample_name	cutoff
0.9999999999999999	7.435474948397804e-7	nc_gf	nc3_gf2	0.58
