ks_stat	p.value	Condition	sample_name	cutoff
0.47619047619047616	2.2532375606514412e-4	nc_rm	nc3_rm1	0.63
