ks_stat	p.value	Condition	sample_name	cutoff
0.6326530612244874	1.7350081229992032e-30	nc_rm	nc3_rm2	0.2
