ks_stat	p.value	Condition	sample_name	cutoff
0.5047619047619052	4.815247010334043e-12	nc_gf	nc3_gf4	0.13
