ks_stat	p.value	Condition	sample_name	cutoff
0.42857142857142827	0.3596837944664031	nc_gf	nc3_gf3	0.88
