ks_stat	p.value	Condition	sample_name	cutoff
0.4285714285714284	0.001723939570574482	nc_rm	nc3_rm3	0.69
