ks_stat	p.value	Condition	sample_name	cutoff
0.45578231292517	9.150488487253897e-4	nc_rm	nc3_rm1	0.42
