ks_stat	p.value	Condition	sample_name	cutoff
0.7142857142857144	6.402542812509031e-17	nc_rm	nc3_rm3	0.18
