ks_stat	p.value	Condition	sample_name	cutoff
0.3868003341687547	3.7921334280043735e-10	nc_rm	nc3_rm2	0.33
