ks_stat	p.value	Condition	sample_name	cutoff
0.46938775510204067	5.238554331733788e-4	nc_gf	nc3_gf3	0.43
