ks_stat	p.value	Condition	sample_name	cutoff
0.7142857142857151	8.131452543488592e-13	nc_rm	nc3_rm3	0.13
