ks_stat	p.value	Condition	sample_name	cutoff
0.7142857142857136	6.995004647480329e-22	nc_rm	nc3_rm3	0.19
