ks_stat	p.value	Condition	sample_name	cutoff
0.7142857142857151	6.520199646764966e-13	nc_rm	nc3_rm3	0.1
