ks_stat	p.value	Condition	sample_name	cutoff
0.4285714285714285	0.025140859708134386	nc_rm	nc3_rm1	0.34
