ks_stat	p.value	Condition	sample_name	cutoff
0.4285714285714286	4.419948655427643e-7	nc_rm	nc3_rm3	0.32
