ks_stat	p.value	Condition	sample_name	cutoff
0.42857142857142944	1.8554975328511767e-5	nc_gf	nc3_gf3	0.37
