ks_stat	p.value	Condition	sample_name	cutoff
0.3308270676691713	1.5454312257051113e-7	nc_gf	nc3_gf3	0.12
