ks_stat	p.value	Condition	sample_name	cutoff
0.5605442176870729	5.0297661201716905e-24	nc_rm	nc3_rm2	0.23
