ks_stat	p.value	Condition	sample_name	cutoff
0.5476190476190473	1.3631159391287904e-11	nc_rm	nc3_rm3	0.54
