ks_stat	p.value	Condition	sample_name	cutoff
0.46428571428571414	1.1046970057185066e-4	nc_rm	nc3_rm1	0.11
