ks_stat	p.value	Condition	sample_name	cutoff
0.4920634920634927	2.8888458655343927e-6	nc_rm	nc3_rm1	0.57
