ks_stat	p.value	Condition	sample_name	cutoff
0.4142857142857128	2.5712713062917823e-13	nc_rm	nc3_rm2	0.32
