ks_stat	p.value	Condition	sample_name	cutoff
0.5304928989139508	1.0323161872810924e-18	nc_rm	nc3_rm4	0.17
