ks_stat	p.value	Condition	sample_name	cutoff
0.631578947368422	2.3615299401020235e-28	nc_rm	nc3_rm4	0.14
