ks_stat	p.value	Condition	sample_name	cutoff
0.42857142857142827	0.007675191072958339	nc_gf	nc3_gf1	0.26
