ks_stat	p.value	Condition	sample_name	cutoff
0.3333333333333331	9.362942076008323e-4	nc_gf	nc3_gf2	0.11
