ks_stat	p.value	Condition	sample_name	cutoff
0.4285714285714283	1.0331771968706017e-7	nc_rm	nc3_rm3	0.48
