ks_stat	p.value	Condition	sample_name	cutoff
0.4285714285714286	8.343480440390031e-7	nc_gf	nc3_gf3	0.25
