ks_stat	p.value	Condition	sample_name	cutoff
0.4285714285714282	4.298354788570084e-8	nc_rm	nc3_rm2	0.55
