ks_stat	p.value	Condition	sample_name	cutoff
0.4285714285714284	0.04028768297210248	nc_rm	nc3_rm1	0.27
