ks_stat	p.value	Condition	sample_name	cutoff
0.3333333333333333	0.013474822571835894	nc_gf	nc3_gf2	0.19
