ks_stat	p.value	Condition	sample_name	cutoff
0.42857142857142805	0.008461032596831054	nc_rm	nc3_rm1	0.15
