ks_stat	p.value	Condition	sample_name	cutoff
0.47619047619047633	1.1679077149567134e-9	nc_gf	nc3_gf4	0.21
