ks_stat	p.value	Condition	sample_name	cutoff
0.47619047619047616	3.805391779228339e-4	nc_gf	nc3_gf2	0.21
