ks_stat	p.value	Condition	sample_name	cutoff
0.5872180451127836	1.440822995630681e-24	nc_rm	nc3_rm4	0.15
