ks_stat	p.value	Condition	sample_name	cutoff
0.34013605442176753	4.089447258193915e-9	nc_gf	nc3_gf3	0.13
