ks_stat	p.value	Condition	sample_name	cutoff
0.42857142857142844	6.72129811401464e-8	nc_rm	nc3_rm3	0.28
