ks_stat	p.value	Condition	sample_name	cutoff
0.428571428571429	1.0087415031508841e-8	nc_rm	nc3_rm3	0.23
