ks_stat	p.value	Condition	sample_name	cutoff
0.42857142857142816	0.006106986398523291	nc_rm	nc3_rm2	0.68
