ks_stat	p.value	Condition	sample_name	cutoff
0.4285714285714276	1.0602728771319246e-9	nc_rm	nc3_rm4	0.27
