ks_stat	p.value	Condition	sample_name	cutoff
0.5142857142857143	8.105322072282304e-8	nc_rm	nc3_rm1	0.47
