ks_stat	p.value	Condition	sample_name	cutoff
0.3759398496240615	2.546614423458491e-10	nc_rm	nc3_rm2	0.34
