ks_stat	p.value	Condition	sample_name	cutoff
0.4285714285714284	0.04180501175754482	nc_gf	nc3_gf3	0.62
