ks_stat	p.value	Condition	sample_name	cutoff
0.5166666666666674	7.393511936528415e-14	nc_gf	nc3_gf4	0.12
