ks_stat	p.value	Condition	sample_name	cutoff
0.5357142857142856	2.743101591085722e-6	nc_rm	nc3_rm1	0.53
