ks_stat	p.value	Condition	sample_name	cutoff
0.3888888888888891	3.2869747602189055e-4	nc_gf	nc3_gf2	0.12
