ks_stat	p.value	Condition	sample_name	cutoff
0.7142857142857141	1.2161010160831041e-4	nc_gf	nc3_gf2	0.33
