ks_stat	p.value	Condition	sample_name	cutoff
0.9999999999999999	3.134612204081112e-10	nc_gf	nc3_gf4	0.63
