ks_stat	p.value	Condition	sample_name	cutoff
0.4285714285714286	0.09475397500490743	nc_rm	nc3_rm1	0.79
