ks_stat	p.value	Condition	sample_name	cutoff
0.7142857142857144	5.615987738553954e-15	nc_rm	nc3_rm3	0.15
