ks_stat	p.value	Condition	sample_name	cutoff
0.7142857142857144	1.5383489345469187e-8	nc_rm	nc3_rm3	0.12
