ks_stat	p.value	Condition	sample_name	cutoff
0.6285714285714313	4.350503950824139e-28	nc_rm	nc3_rm2	0.18
