ks_stat	p.value	Condition	sample_name	cutoff
0.4285714285714288	8.42074860106455e-9	nc_rm	nc3_rm2	0.5
