ks_stat	p.value	Condition	sample_name	cutoff
0.42857142857142927	1.1452521603806458e-9	nc_rm	nc3_rm2	0.51
