ks_stat	p.value	Condition	sample_name	cutoff
0.11428571428571425	0.9371322978810216	nc_rm	nc3_rm4	0.57
