ks_stat	p.value	Condition	sample_name	cutoff
0.4285714285714289	1.0675403338262024e-8	nc_rm	nc3_rm4	0.28
