ks_stat	p.value	Condition	sample_name	cutoff
0.4781954887218066	1.954205505381503e-16	nc_rm	nc3_rm2	0.28
