ks_stat	p.value	Condition	sample_name	cutoff
0.46938775510204067	5.075879297572503e-4	nc_gf	nc3_gf4	0.31
