ks_stat	p.value	Condition	sample_name	cutoff
0.5142857142857142	7.167871155724749e-8	nc_rm	nc3_rm3	0.57
