ks_stat	p.value	Condition	sample_name	cutoff
0.44962406015037726	1.4027107399406227e-14	nc_rm	nc3_rm2	0.38
