ks_stat	p.value	Condition	sample_name	cutoff
0.5012987012987014	2.0944789782167775e-8	nc_gf	nc3_gf1	0.18
