ks_stat	p.value	Condition	sample_name	cutoff
0.4285714285714286	1.7656990572835492e-7	nc_rm	nc3_rm4	0.35
