ks_stat	p.value	Condition	sample_name	cutoff
0.42857142857142677	1.4988713569848787e-10	nc_rm	nc3_rm2	0.43
