ks_stat	p.value	Condition	sample_name	cutoff
0.5321637426900563	7.91473281325061e-19	nc_rm	nc3_rm4	0.12
