ks_stat	p.value	Condition	sample_name	cutoff
0.616541353383457	3.982200897546364e-25	nc_rm	nc3_rm4	0.16
