ks_stat	p.value	Condition	sample_name	cutoff
0.4444444444444446	3.582449401554702e-5	nc_gf	nc3_gf2	0.13
