ks_stat	p.value	Condition	sample_name	cutoff
0.5674603174603177	2.9219805876420286e-8	nc_rm	nc3_rm1	0.52
