ks_stat	p.value	Condition	sample_name	cutoff
0.5238095238095237	7.205125719713949e-4	nc_rm	nc3_rm1	0.21
