ks_stat	p.value	Condition	sample_name	cutoff
0.42857142857142494	2.321063392142562e-12	nc_rm	nc3_rm4	0.21
