ks_stat	p.value	Condition	sample_name	cutoff
0.6165413533834576	3.982200897545855e-25	nc_gf	nc3_gf4	0.1
