ks_stat	p.value	Condition	sample_name	cutoff
0.5178571428571427	1.1856211279486798e-5	nc_rm	nc3_rm1	0.51
