ks_stat	p.value	Condition	sample_name	cutoff
0.5489795918367326	4.6266636393929496e-23	nc_rm	nc3_rm4	0.13
