ks_stat	p.value	Condition	sample_name	cutoff
0.6376050420168051	7.760935793442981e-23	nc_rm	nc3_rm2	0.15
