ks_stat	p.value	Condition	sample_name	cutoff
0.438961038961039	1.3788506353907621e-6	nc_gf	nc3_gf1	0.16
