ks_stat	p.value	Condition	sample_name	cutoff
0.7142857142857144	0.33333333333333337	nc_rm	nc3_rm2	0.88
