ks_stat	p.value	Condition	sample_name	cutoff
0.42857142857142844	7.88561758006936e-8	nc_gf	nc3_gf3	0.24
