ks_stat	p.value	Condition	sample_name	cutoff
0.4285714285714283	3.6042288123415e-8	nc_rm	nc3_rm4	0.34
