ks_stat	p.value	Condition	sample_name	cutoff
0.39999999999999997	0.016236476587753144	nc_gf	nc3_gf2	0.24
