ks_stat	p.value	Condition	sample_name	cutoff
0.4571428571428571	0.02753665227916654	nc_rm	nc3_rm1	0.23
