ks_stat	p.value	Condition	sample_name	cutoff
0.4285714285714287	7.251463145680525e-9	nc_gf	nc3_gf1	0.14
