ks_stat	p.value	Condition	sample_name	cutoff
0.42857142857142816	0.006195934900920979	nc_rm	nc3_rm1	0.36
