ks_stat	p.value	Condition	sample_name	cutoff
0.613445378151259	3.5983929921254594e-21	nc_rm	nc3_rm2	0.13
