ks_stat	p.value	Condition	sample_name	cutoff
0.42857142857142794	0.007461472833325792	nc_rm	nc3_rm1	0.67
