ks_stat	p.value	Condition	sample_name	cutoff
0.44776962168266266	1.4675801283883055e-17	nc_rm	nc3_rm2	0.29
