ks_stat	p.value	Condition	sample_name	cutoff
0.5368814192343595	1.0039640414719155e-17	nc_rm	nc3_rm2	0.26
