ks_stat	p.value	Condition	sample_name	cutoff
0.6190476190476178	2.0018644549906516e-23	nc_rm	nc3_rm2	0.1
