ks_stat	p.value	Condition	sample_name	cutoff
0.4285714285714263	1.4988713569849534e-10	nc_rm	nc3_rm2	0.41
