ks_stat	p.value	Condition	sample_name	cutoff
0.5273109243697457	9.391742045037793e-16	nc_gf	nc3_gf4	0.11
