ks_stat	p.value	Condition	sample_name	cutoff
0.5714285714285714	1.4869557756112786e-5	nc_rm	nc3_rm1	0.18
