ks_stat	p.value	Condition	sample_name	cutoff
0.6666666666666666	8.422493976447883e-6	nc_gf	nc3_gf4	0.46
