ks_stat	p.value	Condition	sample_name	cutoff
0.45887445887445827	4.305483829922112e-8	nc_gf	nc3_gf1	0.15
