ks_stat	p.value	Condition	sample_name	cutoff
0.4285714285714286	2.864684248486162e-7	nc_gf	nc3_gf3	0.27
