ks_stat	p.value	Condition	sample_name	cutoff
0.714285714285715	3.597021855596746e-15	nc_rm	nc3_rm3	0.14
