ks_stat	p.value	Condition	sample_name	cutoff
0.7142857142857144	6.101846215829205e-9	nc_gf	nc3_gf4	0.34
