ks_stat	p.value	Condition	sample_name	cutoff
0.31932773109243573	4.7838246931934136e-6	nc_gf	nc3_gf3	0.16
