ks_stat	p.value	Condition	sample_name	cutoff
0.42857142857142816	0.005635721871227323	nc_rm	nc3_rm4	0.49
