ks_stat	p.value	Condition	sample_name	cutoff
0.4285714285714279	1.647276206614297e-4	nc_rm	nc3_rm4	0.42
