ks_stat	p.value	Condition	sample_name	cutoff
0.4285714285714284	0.0020995267889711384	nc_rm	nc3_rm1	0.13
