ks_stat	p.value	Condition	sample_name	cutoff
0.4285714285714289	1.4270978160890718e-8	nc_rm	nc3_rm2	0.53
