ks_stat	p.value	Condition	sample_name	cutoff
0.42857142857142844	2.829269488639404e-8	nc_rm	nc3_rm3	0.39
