ks_stat	p.value	Condition	sample_name	cutoff
0.4285714285714285	0.028698038952688625	nc_rm	nc3_rm2	0.73
