ks_stat	p.value	Condition	sample_name	cutoff
0.4285714285714284	0.0012727665246598037	nc_rm	nc3_rm4	0.47
