ks_stat	p.value	Condition	sample_name	cutoff
0.4913657770800629	2.0883351957428936e-11	nc_gf	nc3_gf4	0.16
