ks_stat	p.value	Condition	sample_name	cutoff
0.43896103896103905	1.291539386578143e-6	nc_gf	nc3_gf4	0.24
