ks_stat	p.value	Condition	sample_name	cutoff
0.4285714285714279	2.1024411096614404e-4	nc_gf	nc3_gf3	0.42
