ks_stat	p.value	Condition	sample_name	cutoff
0.37878787878787856	6.097224130831391e-6	nc_gf	nc3_gf2	0.1
