ks_stat	p.value	Condition	sample_name	cutoff
0.443977591036414	2.9564665073596446e-12	nc_rm	nc3_rm4	0.18
