ks_stat	p.value	Condition	sample_name	cutoff
0.42857142857142944	9.519969953291806e-6	nc_rm	nc3_rm4	0.4
