ks_stat	p.value	Condition	sample_name	cutoff
0.46428571428571414	8.663923265372466e-5	nc_rm	nc3_rm3	0.63
