ks_stat	p.value	Condition	sample_name	cutoff
0.4285714285714286	0.1055012104953216	nc_rm	nc3_rm2	0.78
