ks_stat	p.value	Condition	sample_name	cutoff
0.42857142857142694	3.2047452438781965e-14	nc_gf	nc3_gf3	0.11
