ks_stat	p.value	Condition	sample_name	cutoff
0.6599832915622357	9.922102412812772e-29	nc_rm	nc3_rm2	0.17
