ks_stat	p.value	Condition	sample_name	cutoff
0.4285714285714288	8.42074860106455e-9	nc_gf	nc3_gf3	0.21
