ks_stat	p.value	Condition	sample_name	cutoff
0.42857142857142727	1.2396559994253773e-9	nc_rm	nc3_rm4	0.32
