ks_stat	p.value	Condition	sample_name	cutoff
0.4285714285714279	2.256480040894592e-4	nc_rm	nc3_rm1	0.41
