ks_stat	p.value	Condition	sample_name	cutoff
0.47619047619047616	4.0748746779223843e-4	nc_gf	nc3_gf1	0.35
