ks_stat	p.value	Condition	sample_name	cutoff
0.4642857142857139	7.875280810846339e-5	nc_rm	nc3_rm1	0.6
