ks_stat	p.value	Condition	sample_name	cutoff
0.4285714285714265	2.3210633921420917e-12	nc_rm	nc3_rm2	0.46
