ks_stat	p.value	Condition	sample_name	cutoff
0.483333333333334	3.5166246728807834e-12	nc_gf	nc3_gf1	0.12
