ks_stat	p.value	Condition	sample_name	cutoff
0.47619047619047616	3.1188838287701164e-4	nc_gf	nc3_gf1	0.29
