ks_stat	p.value	Condition	sample_name	cutoff
0.5455304928989113	9.169864938807172e-20	nc_rm	nc3_rm2	0.27
