ks_stat	p.value	Condition	sample_name	cutoff
0.4285714285714274	1.3482020492940375e-9	nc_rm	nc3_rm3	0.21
