ks_stat	p.value	Condition	sample_name	cutoff
0.7142857142857142	0.002934781962132613	nc_gf	nc3_gf3	0.55
