ks_stat	p.value	Condition	sample_name	cutoff
0.42857142857142844	1.0331771968706017e-7	nc_rm	nc3_rm3	0.51
