ks_stat	p.value	Condition	sample_name	cutoff
0.4285714285714293	1.2821732010068759e-6	nc_rm	nc3_rm4	0.37
