ks_stat	p.value	Condition	sample_name	cutoff
0.5142857142857145	6.1060798780126e-8	nc_rm	nc3_rm3	0.36
