ks_stat	p.value	Condition	sample_name	cutoff
0.4285714285714292	5.463037172839847e-6	nc_rm	nc3_rm2	0.59
