ks_stat	p.value	Condition	sample_name	cutoff
0.4285714285714279	2.3042521458337687e-4	nc_rm	nc3_rm2	0.66
