ks_stat	p.value	Condition	sample_name	cutoff
0.4285714285714293	5.4815010339935305e-6	nc_gf	nc3_gf3	0.28
