ks_stat	p.value	Condition	sample_name	cutoff
0.5331465919701205	1.7440826706747283e-17	nc_gf	nc3_gf1	0.1
