ks_stat	p.value	Condition	sample_name	cutoff
0.6240601503759353	9.862533245366135e-26	nc_rm	nc3_rm2	0.11
