ks_stat	p.value	Condition	sample_name	cutoff
0.42857142857142816	1.8947648179916607e-11	nc_rm	nc3_rm2	0.42
