ks_stat	p.value	Condition	sample_name	cutoff
0.5674603174603176	2.8345283037866893e-8	nc_rm	nc3_rm1	0.46
