ks_stat	p.value	Condition	sample_name	cutoff
0.4264069264069279	5.109276323935869e-15	nc_rm	nc3_rm2	0.30
