ks_stat	p.value	Condition	sample_name	cutoff
0.42857142857142794	0.008615379276367314	nc_rm	nc3_rm1	0.31
