ks_stat	p.value	Condition	sample_name	cutoff
0.3888888888888891	3.2051266374935627e-4	nc_gf	nc3_gf1	0.21
