ks_stat	p.value	Condition	sample_name	cutoff
0.4285714285714291	7.854266533599995e-9	nc_rm	nc3_rm4	0.33
