ks_stat	p.value	Condition	sample_name	cutoff
0.42640692640692746	5.109276323936233e-15	nc_rm	nc3_rm2	0.31
