ks_stat	p.value	Condition	sample_name	cutoff
0.4285714285714292	7.041566265277938e-6	nc_rm	nc3_rm3	0.34
