ks_stat	p.value	Condition	sample_name	cutoff
0.6071428571428575	5.657060106930943e-19	nc_rm	nc3_rm4	0.11
