ks_stat	p.value	Condition	sample_name	cutoff
0.3401360544217674	4.089447258193958e-9	nc_gf	nc3_gf3	0.14
