ks_stat	p.value	Condition	sample_name	cutoff
0.49206349206349226	3.772342991656077e-6	nc_rm	nc3_rm1	0.49
