ks_stat	p.value	Condition	sample_name	cutoff
0.42857142857142827	0.3596837944664031	nc_rm	nc3_rm3	0.85
