ks_stat	p.value	Condition	sample_name	cutoff
0.42857142857142944	1.1158678144119158e-5	nc_rm	nc3_rm4	0.39
