ks_stat	p.value	Condition	sample_name	cutoff
0.6244047619047621	4.8181700410204685e-20	nc_rm	nc3_rm2	0.16
