ks_stat	p.value	Condition	sample_name	cutoff
0.4285714285714286	0.11757344762154029	nc_rm	nc3_rm4	0.73
