ks_stat	p.value	Condition	sample_name	cutoff
0.428571428571429	7.890891820509589e-9	nc_rm	nc3_rm2	0.54
