ks_stat	p.value	Condition	sample_name	cutoff
0.38345864661654105	5.573695287874948e-10	nc_rm	nc3_rm2	0.35
