ks_stat	p.value	Condition	sample_name	cutoff
0.553383458646619	7.253666294681625e-22	nc_rm	nc3_rm2	0.25
