ks_stat	p.value	Condition	sample_name	cutoff
0.5324675324675325	1.0183598510965703e-9	nc_rm	nc3_rm3	0.37
