ks_stat	p.value	Condition	sample_name	cutoff
0.428571428571428	1.686981182049435e-4	nc_rm	nc3_rm4	0.43
