ks_stat	p.value	Condition	sample_name	cutoff
0.45887445887445866	4.128710618888511e-8	nc_gf	nc3_gf4	0.23
