ks_stat	p.value	Condition	sample_name	cutoff
0.39285714285714274	0.0016065434050692884	nc_gf	nc3_gf2	0.2
