ks_stat	p.value	Condition	sample_name	cutoff
0.5670995670995678	3.090475511757423e-26	nc_rm	nc3_rm2	0.21
