ks_stat	p.value	Condition	sample_name	cutoff
0.42857142857142805	1.8947648179916807e-11	nc_rm	nc3_rm4	0.2
