ks_stat	p.value	Condition	sample_name	cutoff
0.4285714285714305	2.7631291267145063e-13	nc_gf	nc3_gf3	0.1
