ks_stat	p.value	Condition	sample_name	cutoff
0.3333333333333333	0.5968379446640315	nc_gf	nc3_gf1	0.68
