ks_stat	p.value	Condition	sample_name	cutoff
0.37777777777777766	1.3464339527645926e-4	nc_gf	nc3_gf4	0.25
