ks_stat	p.value	Condition	sample_name	cutoff
0.4285714285714283	7.202332580000697e-8	nc_rm	nc3_rm3	0.25
