ks_stat	p.value	Condition	sample_name	cutoff
0.11309523809523804	0.7462609135134268	nc_rm	nc4_rm4	0.42
