ks_stat	p.value	Condition	sample_name	cutoff
0.46296296296296335	3.724141861385887e-5	nc_rm	nc4_rm3	0.35
