ks_stat	p.value	Condition	sample_name	cutoff
0.41919191919191867	2.6154748357412026e-6	nc_rm	nc4_rm3	0.38
