ks_stat	p.value	Condition	sample_name	cutoff
0.3444444444444444	0.055331970374238634	nc_gf	nc4_gf1	0.23
