ks_stat	p.value	Condition	sample_name	cutoff
0.13333333333333341	0.9605623254879223	nc_gf	nc4_gf3	0.54
