ks_stat	p.value	Condition	sample_name	cutoff
0.46296296296296346	3.697858945816706e-5	nc_rm	nc4_rm3	0.61
