ks_stat	p.value	Condition	sample_name	cutoff
0.13333333333333341	0.9658527452395423	nc_rm	nc4_rm1	0.32
