ks_stat	p.value	Condition	sample_name	cutoff
0.2222222222222222	0.9548872180451126	nc_rm	nc4_rm1	0.84
