ks_stat	p.value	Condition	sample_name	cutoff
0.17777777777777776	0.14660740634558306	nc_gf	nc4_gf3	0.29
