ks_stat	p.value	Condition	sample_name	cutoff
0.08888888888888885	0.964818619279066	nc_rm	nc4_rm1	0.33
