ks_stat	p.value	Condition	sample_name	cutoff
0.3055555555555558	0.012470119205975294	nc_rm	nc4_rm1	0.49
