ks_stat	p.value	Condition	sample_name	cutoff
0.27083333333333337	0.06293394238753518	nc_rm	nc4_rm1	0.53
