ks_stat	p.value	Condition	sample_name	cutoff
0.31060606060606016	6.551998172292556e-4	nc_rm	nc4_rm3	0.28
