ks_stat	p.value	Condition	sample_name	cutoff
0.5105263157894754	4.4736932806094965e-17	nc_rm	nc4_rm2	0.25
