ks_stat	p.value	Condition	sample_name	cutoff
0.07407407407407407	0.9228061014087994	nc_rm	nc4_rm4	0.39
