ks_stat	p.value	Condition	sample_name	cutoff
0.29545454545454525	9.368841214916245e-4	nc_gf	nc4_gf4	0.19
