ks_stat	p.value	Condition	sample_name	cutoff
0.38636363636363735	2.5678547091673432e-11	nc_rm	nc4_rm2	0.30
