ks_stat	p.value	Condition	sample_name	cutoff
0.1444444444444445	0.30382667406583114	nc_gf	nc4_gf3	0.31
