ks_stat	p.value	Condition	sample_name	cutoff
0.217948717948718	0.022657751994270683	nc_rm	nc4_rm4	0.28
