ks_stat	p.value	Condition	sample_name	cutoff
0.6666666666666673	9.448392468022516e-11	nc_rm	nc4_rm3	0.1
