ks_stat	p.value	Condition	sample_name	cutoff
0.338235294117646	3.2301329091859873e-6	nc_rm	nc4_rm2	0.43
