ks_stat	p.value	Condition	sample_name	cutoff
0.22474747474747442	0.018261282422100067	nc_gf	nc4_gf3	0.23
