ks_stat	p.value	Condition	sample_name	cutoff
0.4662309368191708	2.2265784844440777e-12	nc_gf	nc4_gf1	0.1
