ks_stat	p.value	Condition	sample_name	cutoff
0.33769063180827863	1.0719421563714145e-6	nc_rm	nc4_rm4	0.25
