ks_stat	p.value	Condition	sample_name	cutoff
0.33333333333333337	0.18689487921985673	nc_rm	nc4_rm3	0.75
