ks_stat	p.value	Condition	sample_name	cutoff
0.3206349206349207	7.675963479787198e-6	nc_gf	nc4_gf4	0.14
