ks_stat	p.value	Condition	sample_name	cutoff
0.20000000000000007	0.6685166871424737	nc_rm	nc4_rm2	0.72
