ks_stat	p.value	Condition	sample_name	cutoff
0.0888888888888889	0.9519386355631604	nc_rm	nc4_rm1	0.35
