ks_stat	p.value	Condition	sample_name	cutoff
0.13333333333333328	0.9340084501374822	nc_rm	nc4_rm1	0.34
