ks_stat	p.value	Condition	sample_name	cutoff
0.40577342047930215	1.7648302621692354e-9	nc_rm	nc4_rm2	0.4
