ks_stat	p.value	Condition	sample_name	cutoff
0.1317460317460318	0.15529446803075342	nc_gf	nc4_gf3	0.21
