ks_stat	p.value	Condition	sample_name	cutoff
0.2747252747252745	8.757349000387047e-4	nc_rm	nc4_rm4	0.27
