ks_stat	p.value	Condition	sample_name	cutoff
0.2708333333333332	0.06510477294290092	nc_rm	nc4_rm1	0.51
