ks_stat	p.value	Condition	sample_name	cutoff
0.48333333333333306	1.6156999519743104e-6	nc_rm	nc4_rm3	0.55
