ks_stat	p.value	Condition	sample_name	cutoff
0.19444444444444425	0.46822788712637786	nc_rm	nc4_rm1	0.14
