ks_stat	p.value	Condition	sample_name	cutoff
0.1944444444444443	0.4646309335366915	nc_gf	nc4_gf3	0.47
