ks_stat	p.value	Condition	sample_name	cutoff
0.23809523809523794	0.1894422731116949	nc_gf	nc4_gf3	0.44
