ks_stat	p.value	Condition	sample_name	cutoff
0.4999999999999998	0.24887218045112774	nc_rm	nc4_rm2	0.83
