ks_stat	p.value	Condition	sample_name	cutoff
0.3774509803921565	1.2255622205543731e-7	nc_gf	nc4_gf4	0.11
