ks_stat	p.value	Condition	sample_name	cutoff
0.4374999999999998	5.965386893917841e-4	nc_rm	nc4_rm3	0.63
