ks_stat	p.value	Condition	sample_name	cutoff
0.38636363636363724	2.567854709167389e-11	nc_rm	nc4_rm2	0.31
