ks_stat	p.value	Condition	sample_name	cutoff
0.5000000000000004	6.891403469806203e-8	nc_rm	nc4_rm3	0.37
