ks_stat	p.value	Condition	sample_name	cutoff
0.17777777777777778	0.14357882378149123	nc_gf	nc4_gf4	0.25
