ks_stat	p.value	Condition	sample_name	cutoff
0.41228070175438547	1.5941912136569077e-10	nc_rm	nc4_rm4	0.12
