ks_stat	p.value	Condition	sample_name	cutoff
0.2080610021786496	0.008327565508191255	nc_rm	nc4_rm4	0.19
