ks_stat	p.value	Condition	sample_name	cutoff
0.2614379084967321	3.4868239233809296e-4	nc_rm	nc4_rm4	0.18
