ks_stat	p.value	Condition	sample_name	cutoff
0.3444444444444444	0.0011707230752596837	nc_rm	nc4_rm3	0.33
