ks_stat	p.value	Condition	sample_name	cutoff
0.513888888888889	1.2566267700305936e-9	nc_rm	nc4_rm3	0.54
