ks_stat	p.value	Condition	sample_name	cutoff
0.16666666666666624	0.04474104280905757	nc_gf	nc4_gf3	0.15
