ks_stat	p.value	Condition	sample_name	cutoff
0.35714285714285704	0.005089234825487014	nc_rm	nc4_rm2	0.61
