ks_stat	p.value	Condition	sample_name	cutoff
0.2954545454545452	9.386270349955937e-4	nc_gf	nc4_gf1	0.2
