ks_stat	p.value	Condition	sample_name	cutoff
0.5174603174603167	9.672125360751096e-19	nc_rm	nc4_rm2	0.24
