ks_stat	p.value	Condition	sample_name	cutoff
0.3809523809523808	0.015811441523793924	nc_rm	nc4_rm1	0.61
