ks_stat	p.value	Condition	sample_name	cutoff
0.13333333333333333	0.9341547728644501	nc_rm	nc4_rm4	0.59
