ks_stat	p.value	Condition	sample_name	cutoff
0.3508771929824559	9.696089514151606e-8	nc_rm	nc4_rm4	0.21
