ks_stat	p.value	Condition	sample_name	cutoff
0.16984126984126985	0.045135972241832335	nc_rm	nc4_rm4	0.26
