ks_stat	p.value	Condition	sample_name	cutoff
0.3362573099415198	3.832075545174958e-7	nc_rm	nc4_rm4	0.17
