ks_stat	p.value	Condition	sample_name	cutoff
0.39285714285714274	0.0014668920120923818	nc_gf	nc4_gf2	0.16
