ks_stat	p.value	Condition	sample_name	cutoff
0.2222222222222222	0.9503759398496239	nc_rm	nc4_rm4	0.89
