ks_stat	p.value	Condition	sample_name	cutoff
0.31904761904761925	1.5673293152988433e-5	nc_rm	nc4_rm2	0.52
