ks_stat	p.value	Condition	sample_name	cutoff
0.23809523809523794	0.22850297660778784	nc_rm	nc4_rm1	0.17
