ks_stat	p.value	Condition	sample_name	cutoff
0.27083333333333337	0.06648437080354819	nc_rm	nc4_rm1	0.11
