ks_stat	p.value	Condition	sample_name	cutoff
0.1666666666666671	0.025176234264884276	nc_gf	nc4_gf3	0.13
