ks_stat	p.value	Condition	sample_name	cutoff
0.3696969696969698	9.602031445093224e-5	nc_gf	nc4_gf1	0.16
