ks_stat	p.value	Condition	sample_name	cutoff
0.3333333333333335	3.7474881388648766e-5	nc_gf	nc4_gf4	0.21
