ks_stat	p.value	Condition	sample_name	cutoff
0.1555555555555554	0.2757933418767344	nc_gf	nc4_gf3	0.36
