ks_stat	p.value	Condition	sample_name	cutoff
0.27083333333333337	0.062266501459841	nc_rm	nc4_rm1	0.44
