ks_stat	p.value	Condition	sample_name	cutoff
0.3388888888888888	0.0016950823795552838	nc_rm	nc4_rm1	0.1
