ks_stat	p.value	Condition	sample_name	cutoff
0.3415750915750916	1.39765458105929e-5	nc_rm	nc4_rm3	0.21
