ks_stat	p.value	Condition	sample_name	cutoff
0.26666666666666666	0.013180854935133867	nc_gf	nc4_gf2	0.11
