ks_stat	p.value	Condition	sample_name	cutoff
0.4047619047619048	1.2936392281607686e-7	nc_gf	nc4_gf1	0.14
