ks_stat	p.value	Condition	sample_name	cutoff
0.9999999999999999	1.6841396151740982e-6	nc_gf	nc4_gf2	0.53
