ks_stat	p.value	Condition	sample_name	cutoff
0.32222222222222213	0.0023545433694902715	nc_rm	nc4_rm1	0.47
