ks_stat	p.value	Condition	sample_name	cutoff
0.488017429193898	1.6010215635785715e-13	nc_rm	nc4_rm2	0.1
