ks_stat	p.value	Condition	sample_name	cutoff
0.10909090909090915	0.566196348321283	nc_rm	nc4_rm4	0.35
