ks_stat	p.value	Condition	sample_name	cutoff
0.18181818181818185	0.08447354612721211	nc_gf	nc4_gf4	0.24
