ks_stat	p.value	Condition	sample_name	cutoff
0.3190476190476193	1.4869509036468453e-5	nc_rm	nc4_rm2	0.5
