ks_stat	p.value	Condition	sample_name	cutoff
0.30000000000000004	0.23730510193108817	nc_rm	nc4_rm1	0.23
