ks_stat	p.value	Condition	sample_name	cutoff
0.17619047619047634	0.0150535872585605	nc_gf	nc4_gf3	0.11
