ks_stat	p.value	Condition	sample_name	cutoff
0.15384615384615385	0.1729484984573409	nc_rm	nc4_rm4	0.33
