ks_stat	p.value	Condition	sample_name	cutoff
0.18333333333333365	0.05546188053321837	nc_rm	nc4_rm2	0.51
