ks_stat	p.value	Condition	sample_name	cutoff
0.3333333333333333	0.025524924586335696	nc_gf	nc4_gf4	0.35
