ks_stat	p.value	Condition	sample_name	cutoff
0.06547619047619047	0.9696877969861633	nc_gf	nc4_gf3	0.39
