ks_stat	p.value	Condition	sample_name	cutoff
0.2803030303030298	0.002252730620445875	nc_rm	nc4_rm2	0.55
