ks_stat	p.value	Condition	sample_name	cutoff
0.2444444444444444	0.03650930757832008	nc_rm	nc4_rm2	0.6
