ks_stat	p.value	Condition	sample_name	cutoff
0.13333333333333336	0.9184433700562732	nc_gf	nc4_gf3	0.59
