ks_stat	p.value	Condition	sample_name	cutoff
0.08333333333333343	0.8027205809052529	nc_rm	nc4_rm4	0.36
