ks_stat	p.value	Condition	sample_name	cutoff
0.5272727272727273	1.0700681836393252e-8	nc_gf	nc4_gf1	0.18
