ks_stat	p.value	Condition	sample_name	cutoff
0.166666666666667	0.025176234264884457	nc_gf	nc4_gf3	0.14
