ks_stat	p.value	Condition	sample_name	cutoff
0.5789473684210484	2.440535448883763e-20	nc_rm	nc4_rm2	0.17
