ks_stat	p.value	Condition	sample_name	cutoff
0.16666666666666702	0.033611766780772816	nc_gf	nc4_gf3	0.1
