ks_stat	p.value	Condition	sample_name	cutoff
0.16666666666666655	0.9264367816091954	nc_rm	nc4_rm4	0.72
