ks_stat	p.value	Condition	sample_name	cutoff
0.3464052287581692	5.03892516139448e-7	nc_rm	nc4_rm2	0.42
