ks_stat	p.value	Condition	sample_name	cutoff
0.14285714285714285	0.5320490559310136	nc_rm	nc4_rm4	0.45
