ks_stat	p.value	Condition	sample_name	cutoff
0.11309523809523804	0.7417186489004596	nc_rm	nc4_rm4	0.41
