ks_stat	p.value	Condition	sample_name	cutoff
0.361111111111111	0.03742604518486976	nc_rm	nc4_rm1	0.19
