ks_stat	p.value	Condition	sample_name	cutoff
0.48333333333333295	1.5683575275526444e-6	nc_rm	nc4_rm3	0.36
