ks_stat	p.value	Condition	sample_name	cutoff
0.2828282828282823	0.002114136430769583	nc_rm	nc4_rm3	0.27
