ks_stat	p.value	Condition	sample_name	cutoff
0.47619047619047616	7.304472227495252e-4	nc_gf	nc4_gf1	0.33
