ks_stat	p.value	Condition	sample_name	cutoff
0.5384615384615385	1.6592063338080335e-11	nc_rm	nc4_rm4	0.1
