ks_stat	p.value	Condition	sample_name	cutoff
0.28571428571428564	0.02993349949913735	nc_gf	nc4_gf2	0.2
