ks_stat	p.value	Condition	sample_name	cutoff
0.4116161616161613	1.83506671867688e-6	nc_gf	nc4_gf1	0.15
