ks_stat	p.value	Condition	sample_name	cutoff
0.1944444444444443	0.47176551976103676	nc_rm	nc4_rm1	0.31
