ks_stat	p.value	Condition	sample_name	cutoff
0.32135076252723305	4.191279351848071e-6	nc_rm	nc4_rm2	0.47
