ks_stat	p.value	Condition	sample_name	cutoff
0.3055555555555559	0.012183787927292033	nc_rm	nc4_rm1	0.46
