ks_stat	p.value	Condition	sample_name	cutoff
0.3363095238095237	0.011562427590704274	nc_rm	nc4_rm1	0.55
