ks_stat	p.value	Condition	sample_name	cutoff
0.3618421052631579	8.64581299319187e-9	nc_rm	nc4_rm2	0.34
