ks_stat	p.value	Condition	sample_name	cutoff
0.40476190476190443	0.008343853261786882	nc_rm	nc4_rm3	0.7
