ks_stat	p.value	Condition	sample_name	cutoff
0.29629629629629695	0.015846511482790485	nc_rm	nc4_rm1	0.56
