ks_stat	p.value	Condition	sample_name	cutoff
0.46296296296296335	3.680218594442648e-5	nc_rm	nc4_rm3	0.58
