ks_stat	p.value	Condition	sample_name	cutoff
0.26666666666666666	0.14068646449836952	nc_gf	nc4_gf4	0.39
