ks_stat	p.value	Condition	sample_name	cutoff
0.5029239766081859	1.879026802991609e-15	nc_rm	nc4_rm2	0.27
