ks_stat	p.value	Condition	sample_name	cutoff
0.3106060606060601	6.36485272920605e-4	nc_rm	nc4_rm3	0.24
