ks_stat	p.value	Condition	sample_name	cutoff
0.33061002178649185	1.951577862828973e-6	nc_rm	nc4_rm2	0.45
