ks_stat	p.value	Condition	sample_name	cutoff
0.263636363636364	0.010005399564832797	nc_rm	nc4_rm2	0.57
