ks_stat	p.value	Condition	sample_name	cutoff
0.4191919191919188	2.6154748357412026e-6	nc_rm	nc4_rm3	0.53
