ks_stat	p.value	Condition	sample_name	cutoff
0.23809523809523808	0.19028849007353116	nc_gf	nc4_gf2	0.19
