ks_stat	p.value	Condition	sample_name	cutoff
0.1325757575757574	0.2882954963118969	nc_rm	nc4_rm4	0.34
