ks_stat	p.value	Condition	sample_name	cutoff
0.3205128205128206	1.5162914683169494e-4	nc_rm	nc4_rm3	0.23
