ks_stat	p.value	Condition	sample_name	cutoff
0.09523809523809523	0.9303941883655984	nc_rm	nc4_rm1	0.29
