ks_stat	p.value	Condition	sample_name	cutoff
0.2222222222222222	0.9007518796992479	nc_gf	nc4_gf3	0.82
