ks_stat	p.value	Condition	sample_name	cutoff
0.4779411764705868	5.4521882180115365e-12	nc_rm	nc4_rm2	0.13
