ks_stat	p.value	Condition	sample_name	cutoff
0.2708333333333332	0.06904208724196184	nc_rm	nc4_rm1	0.6
