ks_stat	p.value	Condition	sample_name	cutoff
0.24999999999999992	0.706535303776683	nc_rm	nc4_rm3	0.82
