ks_stat	p.value	Condition	sample_name	cutoff
0.6666666666666667	3.081681555037068e-7	nc_rm	nc4_rm3	0.12
