ks_stat	p.value	Condition	sample_name	cutoff
0.5238095238095233	1.9147957236180702e-20	nc_rm	nc4_rm2	0.21
