ks_stat	p.value	Condition	sample_name	cutoff
0.318181818181818	2.4734117455394713e-4	nc_gf	nc4_gf2	0.1
