ks_stat	p.value	Condition	sample_name	cutoff
0.16666666666666666	0.9019157088122605	nc_gf	nc4_gf3	0.71
