ks_stat	p.value	Condition	sample_name	cutoff
0.23809523809523805	0.22168217934299575	nc_rm	nc4_rm4	0.46
