ks_stat	p.value	Condition	sample_name	cutoff
0.42765567765567764	2.2294517282455356e-8	nc_rm	nc4_rm3	0.2
