ks_stat	p.value	Condition	sample_name	cutoff
0.29901960784313697	5.948288064197076e-5	nc_gf	nc4_gf3	0.2
