ks_stat	p.value	Condition	sample_name	cutoff
0.42938596491228137	3.3320799087083527e-12	nc_rm	nc4_rm2	0.39
