ks_stat	p.value	Condition	sample_name	cutoff
0.34795321637426846	1.2823184545073447e-7	nc_rm	nc4_rm2	0.33
