ks_stat	p.value	Condition	sample_name	cutoff
0.3684210526315789	1.725310219801775e-8	nc_gf	nc4_gf4	0.1
