ks_stat	p.value	Condition	sample_name	cutoff
0.12637362637362637	0.22540688997937308	nc_rm	nc4_rm4	0.32
