ks_stat	p.value	Condition	sample_name	cutoff
0.294871794871795	7.513263486530246e-4	nc_rm	nc4_rm2	0.53
