ks_stat	p.value	Condition	sample_name	cutoff
0.4666666666666676	1.631285706466115e-10	nc_rm	nc4_rm4	0.11
