ks_stat	p.value	Condition	sample_name	cutoff
0.20303030303030328	0.054519683835005106	nc_gf	nc4_gf3	0.26
