ks_stat	p.value	Condition	sample_name	cutoff
0.299019607843137	5.948288064197055e-5	nc_gf	nc4_gf3	0.17
