ks_stat	p.value	Condition	sample_name	cutoff
0.29487179487179493	5.16722233263266e-4	nc_gf	nc4_gf4	0.18
