ks_stat	p.value	Condition	sample_name	cutoff
0.19444444444444436	0.5023322260068137	nc_rm	nc4_rm4	0.51
