ks_stat	p.value	Condition	sample_name	cutoff
0.3333333333333332	0.08522208092355166	nc_rm	nc4_rm1	0.68
