ks_stat	p.value	Condition	sample_name	cutoff
0.4349206349206344	2.3040994303103464e-13	nc_rm	nc4_rm4	0.13
