ks_stat	p.value	Condition	sample_name	cutoff
0.42412280701754446	6.451919548444612e-12	nc_rm	nc4_rm2	0.38
