ks_stat	p.value	Condition	sample_name	cutoff
0.19047619047619047	0.34785264499504737	nc_gf	nc4_gf4	0.28
