ks_stat	p.value	Condition	sample_name	cutoff
0.27777777777777785	0.02119946236102472	nc_gf	nc4_gf2	0.13
