ks_stat	p.value	Condition	sample_name	cutoff
0.5833333333333356	3.6555837222066534e-22	nc_rm	nc4_rm2	0.18
