ks_stat	p.value	Condition	sample_name	cutoff
0.3696969696969701	1.1371178080360315e-4	nc_rm	nc4_rm3	0.32
