ks_stat	p.value	Condition	sample_name	cutoff
0.22474747474747447	0.018282122428479063	nc_gf	nc4_gf3	0.24
