ks_stat	p.value	Condition	sample_name	cutoff
0.42857142857142855	0.004212503036532371	nc_gf	nc4_gf1	0.29
