ks_stat	p.value	Condition	sample_name	cutoff
0.5625000000000006	4.4014039759504206e-15	nc_rm	nc4_rm2	0.16
