ks_stat	p.value	Condition	sample_name	cutoff
0.11111111111111094	0.6512249604926138	nc_gf	nc4_gf3	0.37
