ks_stat	p.value	Condition	sample_name	cutoff
0.294871794871795	6.444259577281716e-4	nc_rm	nc4_rm2	0.54
