ks_stat	p.value	Condition	sample_name	cutoff
0.39215686274509737	3.2761110260920446e-8	nc_gf	nc4_gf3	0.16
