ks_stat	p.value	Condition	sample_name	cutoff
0.13333333333333341	0.9629670617386585	nc_rm	nc4_rm1	0.26
