ks_stat	p.value	Condition	sample_name	cutoff
0.09356725146198874	0.5872266313060186	nc_gf	nc4_gf3	0.12
