ks_stat	p.value	Condition	sample_name	cutoff
0.247549019607842	0.0015798739037170368	nc_rm	nc4_rm2	0.49
