ks_stat	p.value	Condition	sample_name	cutoff
0.40476190476190466	0.007472196081082559	nc_rm	nc4_rm1	0.18
