ks_stat	p.value	Condition	sample_name	cutoff
0.30769230769230754	7.548584823533047e-5	nc_gf	nc4_gf4	0.17
