ks_stat	p.value	Condition	sample_name	cutoff
0.24999999999999994	0.05810958900891826	nc_gf	nc4_gf4	0.29
