ks_stat	p.value	Condition	sample_name	cutoff
0.3464052287581693	5.038925161394426e-7	nc_rm	nc4_rm2	0.26
