ks_stat	p.value	Condition	sample_name	cutoff
0.46250000000000063	2.465344227608462e-10	nc_gf	nc4_gf1	0.12
