ks_stat	p.value	Condition	sample_name	cutoff
0.19444444444444425	0.47671355839492846	nc_gf	nc4_gf3	0.49
