ks_stat	p.value	Condition	sample_name	cutoff
0.3142857142857144	3.504682650247996e-7	nc_rm	nc4_rm2	0.32
