ks_stat	p.value	Condition	sample_name	cutoff
0.35000000000000037	4.229107897406174e-6	nc_gf	nc4_gf4	0.12
