ks_stat	p.value	Condition	sample_name	cutoff
0.3444444444444444	0.052748168291537674	nc_gf	nc4_gf1	0.27
