ks_stat	p.value	Condition	sample_name	cutoff
0.14285714285714274	0.5048158720612405	nc_rm	nc4_rm1	0.41
