ks_stat	p.value	Condition	sample_name	cutoff
0.24999999999999978	0.20410715563816378	nc_rm	nc4_rm2	0.7
