ks_stat	p.value	Condition	sample_name	cutoff
0.20833333333333331	0.866447728516694	nc_rm	nc4_rm1	0.24
