ks_stat	p.value	Condition	sample_name	cutoff
0.4293859649122809	3.332079908708554e-12	nc_rm	nc4_rm4	0.14
