ks_stat	p.value	Condition	sample_name	cutoff
0.15079365079365073	0.08561062692127533	nc_rm	nc4_rm4	0.30
