ks_stat	p.value	Condition	sample_name	cutoff
0.23809523809523783	0.213058588734081	nc_rm	nc4_rm1	0.42
