ks_stat	p.value	Condition	sample_name	cutoff
0.30555555555555564	0.010578536771432102	nc_gf	nc4_gf1	0.21
