ks_stat	p.value	Condition	sample_name	cutoff
0.3055555555555558	0.013105796370384512	nc_rm	nc4_rm1	0.52
