ks_stat	p.value	Condition	sample_name	cutoff
0.6666666666666663	7.741675847888165e-22	nc_rm	nc4_rm3	0.19
