ks_stat	p.value	Condition	sample_name	cutoff
0.3333333333333329	5.009032744655422e-7	nc_rm	nc4_rm2	0.46
