ks_stat	p.value	Condition	sample_name	cutoff
0.20806100217864953	0.008327565508191278	nc_rm	nc4_rm4	0.2
