ks_stat	p.value	Condition	sample_name	cutoff
0.39723320158102576	1.154858289245449e-12	nc_rm	nc4_rm2	0.29
