ks_stat	p.value	Condition	sample_name	cutoff
0.3921568627450971	3.276111026092138e-8	nc_rm	nc4_rm2	0.41
