ks_stat	p.value	Condition	sample_name	cutoff
0.4095238095238098	3.274720397302178e-9	nc_gf	nc4_gf4	0.13
