ks_stat	p.value	Condition	sample_name	cutoff
0.39999999999999997	0.02080054842037432	nc_gf	nc4_gf1	0.37
