ks_stat	p.value	Condition	sample_name	cutoff
0.4285714285714284	5.464004582345331e-13	nc_rm	nc4_rm2	0.2
