ks_stat	p.value	Condition	sample_name	cutoff
0.3741496598639455	0.010543344790147683	rm_rm	rm1_rm1	0.18
