ks_stat	p.value	Condition	sample_name	cutoff
0.10714285714285712	0.6836137891585734	rm_rm	rm1_rm1	0.41
