ks_stat	p.value	Condition	sample_name	cutoff
0.29406850459482037	4.80493510377126e-6	rm_rm	rm1_rm2	0.19
