ks_stat	p.value	Condition	sample_name	cutoff
0.12698412698412698	0.44157196806582577	rm_rm	rm1_rm3	0.59
