ks_stat	p.value	Condition	sample_name	cutoff
0.3759398496240603	2.546614423458871e-10	rm_rm	rm1_rm4	0.15
