ks_stat	p.value	Condition	sample_name	cutoff
0.12499999999999997	0.6407349257315411	rm_rm	rm1_rm1	0.59
