ks_stat	p.value	Condition	sample_name	cutoff
0.33403361344537735	1.4128833259718592e-6	rm_rm	rm1_rm2	0.49
