ks_stat	p.value	Condition	sample_name	cutoff
0.10944026733500417	0.3316950397746835	rm_gf	rm1_gf4	0.1
