ks_stat	p.value	Condition	sample_name	cutoff
0.10497835497835495	0.4351962699293362	rm_gf	rm1_gf4	0.2
