ks_stat	p.value	Condition	sample_name	cutoff
0.3333333333333333	0.6264822134387351	rm_rm	rm1_rm3	0.9
