ks_stat	p.value	Condition	sample_name	cutoff
0.2673992673992673	9.308082843309661e-4	rm_rm	rm1_rm2	0.54
