ks_stat	p.value	Condition	sample_name	cutoff
0.163265306122449	0.3594819068147638	rm_gf	rm1_gf2	0.21
