ks_stat	p.value	Condition	sample_name	cutoff
0.07959183673469383	0.6438153771925674	rm_gf	rm1_gf3	0.11
