ks_stat	p.value	Condition	sample_name	cutoff
0.09105180533751955	0.4089425158335023	rm_rm	rm1_rm4	0.32
