ks_stat	p.value	Condition	sample_name	cutoff
0.24999999999999994	0.4844271412680756	rm_rm	rm1_rm3	0.8
