ks_stat	p.value	Condition	sample_name	cutoff
0.1454545454545456	0.21532157262741863	rm_rm	rm1_rm3	0.31
