ks_stat	p.value	Condition	sample_name	cutoff
0.1465919701213821	0.10262665521788362	rm_rm	rm1_rm4	0.19
