ks_stat	p.value	Condition	sample_name	cutoff
0.10714285714285714	0.7298743773764178	rm_gf	rm1_gf2	0.18
