ks_stat	p.value	Condition	sample_name	cutoff
0.08333333333333333	0.871157878830936	rm_rm	rm1_rm4	0.39
