ks_stat	p.value	Condition	sample_name	cutoff
0.07936507936507936	0.8177364847175215	rm_gf	rm1_gf3	0.37
