ks_stat	p.value	Condition	sample_name	cutoff
0.25917560700169395	3.635336872703117e-6	rm_rm	rm1_rm2	0.29
