ks_stat	p.value	Condition	sample_name	cutoff
0.11302982731554163	0.241959682821565	rm_rm	rm1_rm4	0.27
