ks_stat	p.value	Condition	sample_name	cutoff
0.07777777777777778	0.7784128063017182	rm_rm	rm1_rm3	0.36
