ks_stat	p.value	Condition	sample_name	cutoff
0.24999999999999994	0.48945054814321326	rm_rm	rm1_rm4	0.7
