ks_stat	p.value	Condition	sample_name	cutoff
0.28905597326649957	7.440863431617044e-6	rm_rm	rm1_rm4	0.12
