ks_stat	p.value	Condition	sample_name	cutoff
0.22619047619047616	0.7028516533522094	rm_gf	rm1_gf3	0.55
