ks_stat	p.value	Condition	sample_name	cutoff
0.3333333333333333	0.269946405096572	rm_gf	rm1_gf1	0.59
