ks_stat	p.value	Condition	sample_name	cutoff
0.29516806722689065	3.149075948425798e-5	rm_rm	rm1_rm2	0.13
