ks_stat	p.value	Condition	sample_name	cutoff
0.1388888888888889	0.3869680236788876	rm_gf	rm1_gf2	0.14
