ks_stat	p.value	Condition	sample_name	cutoff
0.3333333333333333	0.6146245059288538	rm_rm	rm1_rm1	0.86
