ks_stat	p.value	Condition	sample_name	cutoff
0.2630952380952381	6.577264407760853e-4	rm_rm	rm1_rm2	0.12
