ks_stat	p.value	Condition	sample_name	cutoff
0.06302521008403353	0.9625885046670531	rm_gf	rm1_gf3	0.17
