ks_stat	p.value	Condition	sample_name	cutoff
0.22893772893772907	0.005231301126444378	rm_rm	rm1_rm4	0.1
