ks_stat	p.value	Condition	sample_name	cutoff
0.19047619047619047	0.7770249772474467	rm_rm	rm1_rm2	0.81
