ks_stat	p.value	Condition	sample_name	cutoff
0.13749999999999982	0.22340463599770266	rm_gf	rm1_gf1	0.11
