ks_stat	p.value	Condition	sample_name	cutoff
0.1111111111111111	0.5623222897311417	rm_rm	rm1_rm1	0.45
