ks_stat	p.value	Condition	sample_name	cutoff
0.10595238095238094	0.5337181255789152	rm_gf	rm1_gf4	0.12
