ks_stat	p.value	Condition	sample_name	cutoff
0.30357142857142855	0.016736241599055138	rm_rm	rm1_rm2	0.63
