ks_stat	p.value	Condition	sample_name	cutoff
0.10714285714285712	0.7745882974912701	rm_rm	rm1_rm4	0.41
