ks_stat	p.value	Condition	sample_name	cutoff
0.10158730158730139	0.5892097254831432	rm_rm	rm1_rm1	0.47
