ks_stat	p.value	Condition	sample_name	cutoff
0.12745098039215663	0.21164929380881717	rm_gf	rm1_gf1	0.1
