ks_stat	p.value	Condition	sample_name	cutoff
0.0871271585557299	0.4813788230524838	rm_gf	rm1_gf4	0.16
