ks_stat	p.value	Condition	sample_name	cutoff
0.14835164835164838	0.08815987799410624	rm_gf	rm1_gf1	0.13
