ks_stat	p.value	Condition	sample_name	cutoff
0.21428571428571414	0.35194171701199994	rm_rm	rm1_rm1	0.68
