ks_stat	p.value	Condition	sample_name	cutoff
0.07936507936507936	0.8592244811681078	rm_rm	rm1_rm3	0.1
