ks_stat	p.value	Condition	sample_name	cutoff
0.07936507936507935	0.7906433085835822	rm_gf	rm1_gf3	0.32
