ks_stat	p.value	Condition	sample_name	cutoff
0.08270676691729323	0.6855271292910265	rm_gf	rm1_gf3	0.15
