ks_stat	p.value	Condition	sample_name	cutoff
0.10714285714285712	0.7555306236271624	rm_rm	rm1_rm4	0.43
