ks_stat	p.value	Condition	sample_name	cutoff
0.1292517006802721	0.7340285881364903	rm_rm	rm1_rm1	0.28
