ks_stat	p.value	Condition	sample_name	cutoff
0.13636363636363688	0.1954010457727284	rm_gf	rm1_gf1	0.2
