ks_stat	p.value	Condition	sample_name	cutoff
0.32142857142857134	0.017010718779052535	rm_rm	rm1_rm1	0.11
