ks_stat	p.value	Condition	sample_name	cutoff
0.2759398496240609	9.332615772801103e-6	rm_rm	rm1_rm2	0.34
