ks_stat	p.value	Condition	sample_name	cutoff
0.18571428571428575	0.5191237559210811	rm_gf	rm1_gf4	0.65
