ks_stat	p.value	Condition	sample_name	cutoff
0.19999999999999998	0.3936101426827743	rm_rm	rm1_rm4	0.49
