ks_stat	p.value	Condition	sample_name	cutoff
0.19999999999999996	0.5151684712093106	rm_gf	rm1_gf4	0.47
