ks_stat	p.value	Condition	sample_name	cutoff
0.0992063492063492	0.7012014018293871	rm_gf	rm1_gf2	0.12
