ks_stat	p.value	Condition	sample_name	cutoff
0.19632414369256473	0.006258125553570616	rm_rm	rm1_rm2	0.27
