ks_stat	p.value	Condition	sample_name	cutoff
0.1285714285714286	0.8355136094278566	rm_rm	rm1_rm1	0.31
