ks_stat	p.value	Condition	sample_name	cutoff
0.2535014005602243	2.7808623248290584e-4	rm_rm	rm1_rm2	0.45
