ks_stat	p.value	Condition	sample_name	cutoff
0.07142857142857142	0.9421297417394173	rm_gf	rm1_gf3	0.41
