ks_stat	p.value	Condition	sample_name	cutoff
0.23605442176870733	1.305926724785253e-4	rm_rm	rm1_rm2	0.2
