ks_stat	p.value	Condition	sample_name	cutoff
0.22448979591836735	0.1122811400985021	rm_gf	rm1_gf1	0.36
