ks_stat	p.value	Condition	sample_name	cutoff
0.07532467532467536	0.7651580343286972	rm_rm	rm1_rm3	0.37
