ks_stat	p.value	Condition	sample_name	cutoff
0.2445887445887443	0.005369815431725065	rm_rm	rm1_rm2	0.55
