ks_stat	p.value	Condition	sample_name	cutoff
0.17880485527544365	0.024111536344503623	rm_rm	rm1_rm2	0.26
