ks_stat	p.value	Condition	sample_name	cutoff
0.11564625850340131	0.7382584542330661	rm_gf	rm1_gf2	0.19
