ks_stat	p.value	Condition	sample_name	cutoff
0.19047619047619047	0.008778722943161052	rm_rm	rm1_rm2	0.37
