ks_stat	p.value	Condition	sample_name	cutoff
0.28989139515455303	6.921402854313399e-6	rm_rm	rm1_rm2	0.17
