ks_stat	p.value	Condition	sample_name	cutoff
0.14285714285714282	0.5723247053096836	rm_rm	rm1_rm4	0.48
