ks_stat	p.value	Condition	sample_name	cutoff
0.12791783380018695	0.20820280814307762	rm_rm	rm1_rm4	0.24
