ks_stat	p.value	Condition	sample_name	cutoff
0.08412698412698418	0.7438694052086248	rm_rm	rm1_rm3	0.15
