ks_stat	p.value	Condition	sample_name	cutoff
0.12301587301587302	0.5488322614731722	rm_rm	rm1_rm4	0.4
