ks_stat	p.value	Condition	sample_name	cutoff
0.2698412698412699	0.0144678362419924	rm_rm	rm1_rm1	0.52
