ks_stat	p.value	Condition	sample_name	cutoff
0.2673992673992673	0.0010497179904396725	rm_rm	rm1_rm2	0.53
