ks_stat	p.value	Condition	sample_name	cutoff
0.12364243943191311	0.20285067914847776	rm_rm	rm1_rm4	0.21
