ks_stat	p.value	Condition	sample_name	cutoff
0.11904761904761904	0.8462294124208226	rm_gf	rm1_gf2	0.23
