ks_stat	p.value	Condition	sample_name	cutoff
0.14285714285714285	0.09437025589700045	rm_gf	rm1_gf3	0.12
