ks_stat	p.value	Condition	sample_name	cutoff
0.1964285714285714	0.17689957017240976	rm_rm	rm1_rm1	0.54
