ks_stat	p.value	Condition	sample_name	cutoff
0.08608058608058619	0.5287096726562789	rm_gf	rm1_gf4	0.18
