ks_stat	p.value	Condition	sample_name	cutoff
0.15909090909090917	0.12341448551582884	rm_gf	rm1_gf4	0.23
