ks_stat	p.value	Condition	sample_name	cutoff
0.22222222222222243	0.055939609027100726	rm_rm	rm1_rm1	0.48
