ks_stat	p.value	Condition	sample_name	cutoff
0.16666666666666666	0.1732152550350714	rm_gf	rm1_gf4	0.25
