ks_stat	p.value	Condition	sample_name	cutoff
0.12499999999999997	0.6123290950974831	rm_gf	rm1_gf2	0.15
