ks_stat	p.value	Condition	sample_name	cutoff
0.14285714285714285	0.23425945695878436	rm_rm	rm1_rm4	0.26
