ks_stat	p.value	Condition	sample_name	cutoff
0.2857142857142856	0.08255588138576214	rm_rm	rm1_rm1	0.13
