ks_stat	p.value	Condition	sample_name	cutoff
0.08571428571428572	0.8352317250703319	rm_gf	rm1_gf3	0.21
