ks_stat	p.value	Condition	sample_name	cutoff
0.28571428571428553	0.08288657555256088	rm_rm	rm1_rm1	0.12
