ks_stat	p.value	Condition	sample_name	cutoff
0.16666666666666674	0.23879053738866568	rm_gf	rm1_gf1	0.21
