ks_stat	p.value	Condition	sample_name	cutoff
0.088235294117647	0.706343796159143	rm_gf	rm1_gf3	0.16
