ks_stat	p.value	Condition	sample_name	cutoff
0.1208791208791209	0.1859612890173879	rm_rm	rm1_rm3	0.21
