ks_stat	p.value	Condition	sample_name	cutoff
0.12857142857142856	0.7586805982315762	rm_gf	rm1_gf1	0.37
