ks_stat	p.value	Condition	sample_name	cutoff
0.1363636363636366	0.18330120130684235	rm_rm	rm1_rm3	0.48
