ks_stat	p.value	Condition	sample_name	cutoff
0.1363636363636366	0.18097015852395693	rm_rm	rm1_rm3	0.49
