ks_stat	p.value	Condition	sample_name	cutoff
0.2510822510822513	1.7434330651469407e-5	rm_rm	rm1_rm2	0.21
