ks_stat	p.value	Condition	sample_name	cutoff
0.24458874458874463	3.1602823981812015e-5	rm_rm	rm1_rm2	0.30
