ks_stat	p.value	Condition	sample_name	cutoff
0.2373949579831932	0.0015642415258660981	rm_rm	rm1_rm2	0.44
