ks_stat	p.value	Condition	sample_name	cutoff
0.1409774436090222	0.08119086442464087	rm_rm	rm1_rm2	0.25
