ks_stat	p.value	Condition	sample_name	cutoff
0.37662337662337664	2.3008409825106936e-5	rm_rm	rm1_rm2	0.57
