ks_stat	p.value	Condition	sample_name	cutoff
0.1363636363636366	0.17066458791315178	rm_gf	rm1_gf2	0.1
