ks_stat	p.value	Condition	sample_name	cutoff
0.12925170068027206	0.7328319642008565	rm_gf	rm1_gf1	0.31
