ks_stat	p.value	Condition	sample_name	cutoff
0.33333333333333326	0.021500261147229693	rm_rm	rm1_rm1	0.16
