ks_stat	p.value	Condition	sample_name	cutoff
0.14705882352941185	0.10070142523675099	rm_rm	rm1_rm2	0.1
