ks_stat	p.value	Condition	sample_name	cutoff
0.4850340136054413	4.279706946158665e-18	rm_rm	rm1_rm4	0.13
