ks_stat	p.value	Condition	sample_name	cutoff
0.251879699248121	7.229936927590878e-5	rm_rm	rm1_rm2	0.18
