ks_stat	p.value	Condition	sample_name	cutoff
0.20601503759398468	0.0021355112048574436	rm_rm	rm1_rm2	0.38
