ks_stat	p.value	Condition	sample_name	cutoff
0.07351712614870509	0.8135201069343383	rm_rm	rm1_rm2	0.11
