ks_stat	p.value	Condition	sample_name	cutoff
0.14285714285714277	0.554750267656498	rm_gf	rm1_gf4	0.32
