ks_stat	p.value	Condition	sample_name	cutoff
0.404344193817878	4.752921480522784e-11	rm_rm	rm1_rm4	0.16
