ks_stat	p.value	Condition	sample_name	cutoff
0.10047095761381468	0.345402059421814	rm_gf	rm1_gf4	0.15
