ks_stat	p.value	Condition	sample_name	cutoff
0.3793650793650792	1.4333536544406945e-4	rm_rm	rm1_rm1	0.1
