ks_stat	p.value	Condition	sample_name	cutoff
0.14935064935064896	0.1411879575743773	rm_gf	rm1_gf1	0.15
