ks_stat	p.value	Condition	sample_name	cutoff
0.14285714285714285	0.21783282562449363	rm_rm	rm1_rm4	0.35
