ks_stat	p.value	Condition	sample_name	cutoff
0.13506493506493503	0.2818386275801822	rm_rm	rm1_rm3	0.18
