ks_stat	p.value	Condition	sample_name	cutoff
0.2142857142857143	0.49761900185818747	rm_rm	rm1_rm3	0.73
