ks_stat	p.value	Condition	sample_name	cutoff
0.3047619047619047	0.12447643590268379	rm_rm	rm1_rm1	0.21
