ks_stat	p.value	Condition	sample_name	cutoff
0.1428571428571428	0.554750267656498	rm_gf	rm1_gf4	0.35
