ks_stat	p.value	Condition	sample_name	cutoff
0.21315789473684188	0.001317876957791602	rm_rm	rm1_rm2	0.28
