ks_stat	p.value	Condition	sample_name	cutoff
0.24285714285714272	0.018474180806046486	rm_rm	rm1_rm3	0.14
