ks_stat	p.value	Condition	sample_name	cutoff
0.3687969924812031	6.00348754298104e-10	rm_rm	rm1_rm4	0.14
