ks_stat	p.value	Condition	sample_name	cutoff
0.10000000000000002	0.9614412277486583	rm_gf	rm1_gf2	0.32
