ks_stat	p.value	Condition	sample_name	cutoff
0.19047619047619044	0.3105306499091261	rm_rm	rm1_rm3	0.66
