ks_stat	p.value	Condition	sample_name	cutoff
0.10317460317460314	0.524742581152179	rm_gf	rm1_gf2	0.11
