ks_stat	p.value	Condition	sample_name	cutoff
0.2142857142857143	0.5038850455753462	rm_rm	rm1_rm1	0.23
