ks_stat	p.value	Condition	sample_name	cutoff
0.35714285714285693	2.5322203679149145e-4	rm_rm	rm1_rm2	0.59
