ks_stat	p.value	Condition	sample_name	cutoff
0.24458874458874452	3.16028239818123e-5	rm_rm	rm1_rm2	0.31
