ks_stat	p.value	Condition	sample_name	cutoff
0.10476190476190475	0.6119170449056722	rm_gf	rm1_gf4	0.13
