ks_stat	p.value	Condition	sample_name	cutoff
0.1318681318681318	0.16852365017077897	rm_rm	rm1_rm3	0.19
