ks_stat	p.value	Condition	sample_name	cutoff
0.15646258503401383	0.028997393142720845	rm_rm	rm1_rm2	0.24
