ks_stat	p.value	Condition	sample_name	cutoff
0.10375939849624063	0.3506606295139024	rm_gf	rm1_gf3	0.1
