ks_stat	p.value	Condition	sample_name	cutoff
0.08730158730158727	0.7699231858475257	rm_rm	rm1_rm4	0.37
