ks_stat	p.value	Condition	sample_name	cutoff
0.23809523809523808	0.49308300395256915	rm_rm	rm1_rm4	0.89
