ks_stat	p.value	Condition	sample_name	cutoff
0.4285714285714292	4.817742598268007e-5	rm_rm	rm1_rm3	0.13
