ks_stat	p.value	Condition	sample_name	cutoff
0.1281512605042017	0.24823693168031077	rm_gf	rm1_gf4	0.11
