ks_stat	p.value	Condition	sample_name	cutoff
0.2653061224489792	0.09446227879454529	rm_rm	rm1_rm1	0.64
