ks_stat	p.value	Condition	sample_name	cutoff
0.08333333333333331	0.6256603140797811	rm_gf	rm1_gf3	0.23
