ks_stat	p.value	Condition	sample_name	cutoff
0.08549783549783546	0.5695193451938467	rm_rm	rm1_rm3	0.54
