ks_stat	p.value	Condition	sample_name	cutoff
0.19999999999999998	0.5627277551628985	rm_rm	rm1_rm1	0.34
