ks_stat	p.value	Condition	sample_name	cutoff
0.16623376623376626	0.1128389235666726	rm_gf	rm1_gf1	0.18
