ks_stat	p.value	Condition	sample_name	cutoff
0.0630252100840335	0.9625885046670533	rm_gf	rm1_gf3	0.18
