ks_stat	p.value	Condition	sample_name	cutoff
0.21428571428571425	0.35189687307414075	rm_rm	rm1_rm2	0.71
