ks_stat	p.value	Condition	sample_name	cutoff
0.2681704260651629	4.244968077304841e-5	rm_rm	rm1_rm4	0.17
