ks_stat	p.value	Condition	sample_name	cutoff
0.4285714285714284	0.0021337527210359463	rm_rm	rm1_rm3	0.12
