ks_stat	p.value	Condition	sample_name	cutoff
0.22619047619047616	0.7157566636726487	rm_rm	rm1_rm1	0.24
