ks_stat	p.value	Condition	sample_name	cutoff
0.12499999999999999	0.5784530238943851	rm_gf	rm1_gf2	0.17
