ks_stat	p.value	Condition	sample_name	cutoff
0.1285714285714285	0.8945656245712966	rm_gf	rm1_gf3	0.54
