ks_stat	p.value	Condition	sample_name	cutoff
0.13095238095238093	0.4218334442906494	rm_rm	rm1_rm1	0.57
