ks_stat	p.value	Condition	sample_name	cutoff
0.13636363636363655	0.19526957935567957	rm_rm	rm1_rm3	0.28
