ks_stat	p.value	Condition	sample_name	cutoff
0.19841269841269846	0.059096703459160786	rm_rm	rm1_rm3	0.57
