ks_stat	p.value	Condition	sample_name	cutoff
0.1333333333333333	0.7625974454726582	rm_gf	rm1_gf4	0.44
