ks_stat	p.value	Condition	sample_name	cutoff
0.3202380952380955	1.3828340364334682e-5	rm_rm	rm1_rm2	0.51
