ks_stat	p.value	Condition	sample_name	cutoff
0.13095238095238093	0.44395876592796824	rm_rm	rm1_rm3	0.58
