ks_stat	p.value	Condition	sample_name	cutoff
0.19999999999999996	0.3878636972440185	rm_rm	rm1_rm1	0.38
