ks_stat	p.value	Condition	sample_name	cutoff
0.08974358974358979	0.47175857626747525	rm_rm	rm1_rm4	0.33
