ks_stat	p.value	Condition	sample_name	cutoff
0.30000000000000004	0.11490640208137295	rm_gf	rm1_gf1	0.42
