ks_stat	p.value	Condition	sample_name	cutoff
0.16071428571428567	0.4072311527240374	rm_gf	rm1_gf4	0.29
