ks_stat	p.value	Condition	sample_name	cutoff
0.08412698412698415	0.7465251728048674	rm_gf	rm1_gf3	0.33
