ks_stat	p.value	Condition	sample_name	cutoff
0.15555555555555559	0.2133670294888682	rm_rm	rm1_rm3	0.34
