ks_stat	p.value	Condition	sample_name	cutoff
0.24999999999999994	0.4728233390636059	rm_gf	rm1_gf3	0.72
