ks_stat	p.value	Condition	sample_name	cutoff
0.1282051282051282	0.17148893619422612	rm_rm	rm1_rm3	0.23
