ks_stat	p.value	Condition	sample_name	cutoff
0.3047619047619048	1.1631206403139559e-4	rm_rm	rm1_rm2	0.5
