ks_stat	p.value	Condition	sample_name	cutoff
0.07142857142857134	0.9024333100514969	rm_gf	rm1_gf3	0.19
