ks_stat	p.value	Condition	sample_name	cutoff
0.1538461538461538	0.09560573804623244	rm_gf	rm1_gf4	0.21
