ks_stat	p.value	Condition	sample_name	cutoff
0.12857142857142856	0.7674476458281247	rm_gf	rm1_gf1	0.23
