ks_stat	p.value	Condition	sample_name	cutoff
0.11904761904761901	0.835345544614206	rm_gf	rm1_gf1	0.24
