ks_stat	p.value	Condition	sample_name	cutoff
0.09523809523809523	0.72770355905052	rm_gf	rm1_gf4	0.14
