ks_stat	p.value	Condition	sample_name	cutoff
0.18571428571428572	0.6486761106727073	rm_gf	rm1_gf2	0.38
