ks_stat	p.value	Condition	sample_name	cutoff
0.24999999999999994	0.439377085650723	rm_rm	rm1_rm1	0.73
