ks_stat	p.value	Condition	sample_name	cutoff
0.23739495798319304	0.0015642415258661133	rm_rm	rm1_rm2	0.41
