ks_stat	p.value	Condition	sample_name	cutoff
0.08116883116883111	0.6396958456478488	rm_rm	rm1_rm4	0.34
