ks_stat	p.value	Condition	sample_name	cutoff
0.16363636363636375	0.13684931042493567	rm_gf	rm1_gf4	0.24
