ks_stat	p.value	Condition	sample_name	cutoff
0.2571428571428571	0.17938845046904361	rm_rm	rm1_rm1	0.15
