ks_stat	p.value	Condition	sample_name	cutoff
0.3781512605042013	2.6184104110562186e-8	rm_rm	rm1_rm2	0.14
