ks_stat	p.value	Condition	sample_name	cutoff
0.12925170068027206	0.6723806712444482	rm_gf	rm1_gf4	0.28
