ks_stat	p.value	Condition	sample_name	cutoff
0.06493506493506497	0.8667015497125299	rm_gf	rm1_gf3	0.27
