ks_stat	p.value	Condition	sample_name	cutoff
0.329761904761905	6.749569712704789e-6	rm_rm	rm1_rm2	0.16
