ks_stat	p.value	Condition	sample_name	cutoff
0.1355311355311355	0.15412439914150944	rm_rm	rm1_rm4	0.29
