ks_stat	p.value	Condition	sample_name	cutoff
0.14285714285714282	0.4666127593869786	rm_rm	rm1_rm3	0.63
