ks_stat	p.value	Condition	sample_name	cutoff
0.24285714285714272	0.018092291758242486	rm_rm	rm1_rm3	0.16
