ks_stat	p.value	Condition	sample_name	cutoff
0.14285714285714288	0.5490074521561278	rm_rm	rm1_rm1	0.61
