ks_stat	p.value	Condition	sample_name	cutoff
0.14545454545454556	0.21370814511212896	rm_gf	rm1_gf1	0.17
