ks_stat	p.value	Condition	sample_name	cutoff
0.16666666666666663	0.8422489634947923	rm_gf	rm1_gf4	0.62
