ks_stat	p.value	Condition	sample_name	cutoff
0.10068027210884348	0.34470631926750095	rm_gf	rm1_gf3	0.13
