ks_stat	p.value	Condition	sample_name	cutoff
0.12244897959183669	0.7099291481309054	rm_gf	rm1_gf3	0.44
