ks_stat	p.value	Condition	sample_name	cutoff
0.11564625850340134	0.6908457826904328	rm_rm	rm1_rm1	0.42
