ks_stat	p.value	Condition	sample_name	cutoff
0.3464052287581697	1.2567000783667983e-7	rm_rm	rm1_rm2	0.47
