ks_stat	p.value	Condition	sample_name	cutoff
0.1111111111111111	0.566667180385851	rm_rm	rm1_rm3	0.35
