ks_stat	p.value	Condition	sample_name	cutoff
0.07278911564625852	0.7493259593021228	rm_gf	rm1_gf3	0.14
