ks_stat	p.value	Condition	sample_name	cutoff
0.16190476190476186	0.6344813895016241	rm_gf	rm1_gf3	0.49
