ks_stat	p.value	Condition	sample_name	cutoff
0.18571428571428572	0.6567470559469841	rm_rm	rm1_rm2	0.72
