ks_stat	p.value	Condition	sample_name	cutoff
0.17366946778711512	0.03096419452494765	rm_rm	rm1_rm2	0.4
