ks_stat	p.value	Condition	sample_name	cutoff
0.3333333333333333	0.6146245059288538	rm_gf	rm1_gf3	0.84
