ks_stat	p.value	Condition	sample_name	cutoff
0.15499533146591973	0.07230947621107107	rm_rm	rm1_rm4	0.18
