ks_stat	p.value	Condition	sample_name	cutoff
0.19523809523809527	0.4146096066994497	rm_rm	rm1_rm1	0.33
