ks_stat	p.value	Condition	sample_name	cutoff
0.1285714285714285	0.9058770482480067	rm_rm	rm1_rm1	0.27
