ks_stat	p.value	Condition	sample_name	cutoff
0.07378335949764508	0.6355799252637412	rm_rm	rm1_rm3	0.2
