ks_stat	p.value	Condition	sample_name	cutoff
0.2964912280701753	4.844356898278275e-6	rm_rm	rm2_rm2	0.38
