ks_stat	p.value	Condition	sample_name	cutoff
0.4389978213507619	5.049854741204136e-11	rm_rm	rm2_rm2	0.47
