ks_stat	p.value	Condition	sample_name	cutoff
0.22619047619047616	0.10044890730022904	rm_rm	rm2_rm1	0.54
