ks_stat	p.value	Condition	sample_name	cutoff
0.3690476190476191	1.144999378966887e-6	rm_gf	rm2_gf4	0.15
