ks_stat	p.value	Condition	sample_name	cutoff
0.28070175438596445	4.166703839619986e-5	rm_rm	rm2_rm2	0.19
