ks_stat	p.value	Condition	sample_name	cutoff
0.12222222222222232	0.4952880722923382	rm_gf	rm2_gf3	0.35
