ks_stat	p.value	Condition	sample_name	cutoff
0.2222222222222222	0.9661654135338342	rm_gf	rm2_gf3	0.73
