ks_stat	p.value	Condition	sample_name	cutoff
0.38095238095238093	0.015836552619773448	rm_rm	rm2_rm1	0.13
