ks_stat	p.value	Condition	sample_name	cutoff
0.17777777777777776	0.6205623937527189	rm_rm	rm2_rm1	0.33
