ks_stat	p.value	Condition	sample_name	cutoff
0.14285714285714285	0.5797559006530029	rm_gf	rm2_gf4	0.31
