ks_stat	p.value	Condition	sample_name	cutoff
0.19607843137254927	0.015375077387392324	rm_rm	rm2_rm4	0.18
