ks_stat	p.value	Condition	sample_name	cutoff
0.26731601731601756	1.2228122419944354e-5	rm_rm	rm2_rm2	0.31
