ks_stat	p.value	Condition	sample_name	cutoff
0.16666666666666707	0.10331696306503241	rm_rm	rm2_rm2	0.51
