ks_stat	p.value	Condition	sample_name	cutoff
0.16666666666666685	0.7420813842590532	rm_gf	rm2_gf3	0.54
