ks_stat	p.value	Condition	sample_name	cutoff
0.17102396514161233	0.04927092031137315	rm_rm	rm2_rm2	0.1
