ks_stat	p.value	Condition	sample_name	cutoff
0.39583333333333315	0.0020381585882566873	rm_rm	rm2_rm2	0.63
