ks_stat	p.value	Condition	sample_name	cutoff
0.3055555555555554	0.0852940682811032	rm_rm	rm2_rm2	0.69
