ks_stat	p.value	Condition	sample_name	cutoff
0.23541666666666664	0.005415842017591192	rm_rm	rm2_rm4	0.11
