ks_stat	p.value	Condition	sample_name	cutoff
0.2673160173160174	1.222812241994457e-5	rm_rm	rm2_rm2	0.30
