ks_stat	p.value	Condition	sample_name	cutoff
0.16666666666666738	0.23315246633521802	rm_rm	rm2_rm4	0.39
