ks_stat	p.value	Condition	sample_name	cutoff
0.07301587301587294	0.795178208256268	rm_gf	rm2_gf3	0.14
