ks_stat	p.value	Condition	sample_name	cutoff
0.24945533769063194	7.569595600865282e-4	rm_rm	rm2_rm2	0.26
