ks_stat	p.value	Condition	sample_name	cutoff
0.24183006535947715	0.0012164041379972076	rm_rm	rm2_rm4	0.2
