ks_stat	p.value	Condition	sample_name	cutoff
0.43899782135076165	5.049854741204262e-11	rm_rm	rm2_rm2	0.42
