ks_stat	p.value	Condition	sample_name	cutoff
0.15740740740740738	0.34630610134725226	rm_rm	rm2_rm1	0.56
