ks_stat	p.value	Condition	sample_name	cutoff
0.12222222222222229	0.48411222587173197	rm_gf	rm2_gf3	0.29
