ks_stat	p.value	Condition	sample_name	cutoff
0.16666666666666655	0.8866237211064799	rm_gf	rm2_gf3	0.55
