ks_stat	p.value	Condition	sample_name	cutoff
0.4853801169590643	2.01395150768984e-14	rm_rm	rm2_rm2	0.17
