ks_stat	p.value	Condition	sample_name	cutoff
0.14015151515151514	0.22587373284819723	rm_gf	rm2_gf1	0.2
