ks_stat	p.value	Condition	sample_name	cutoff
0.10303030303030306	0.5644677656618949	rm_gf	rm2_gf4	0.24
