ks_stat	p.value	Condition	sample_name	cutoff
0.09848484848484845	0.5401512533393912	rm_gf	rm2_gf4	0.23
