ks_stat	p.value	Condition	sample_name	cutoff
0.37254901960784276	1.881315230313697e-7	rm_rm	rm2_rm2	0.14
