ks_stat	p.value	Condition	sample_name	cutoff
0.3063725490196077	3.540244862070287e-5	rm_rm	rm2_rm2	0.13
