ks_stat	p.value	Condition	sample_name	cutoff
0.09523809523809523	0.9384422927349432	rm_gf	rm2_gf2	0.19
