ks_stat	p.value	Condition	sample_name	cutoff
0.19999999999999996	0.40361667449991906	rm_rm	rm2_rm1	0.38
