ks_stat	p.value	Condition	sample_name	cutoff
0.1666666666666656	0.07847238703468154	rm_gf	rm2_gf4	0.11
