ks_stat	p.value	Condition	sample_name	cutoff
0.11904761904761904	0.7812832460920771	rm_rm	rm2_rm3	0.71
