ks_stat	p.value	Condition	sample_name	cutoff
0.4999999999999998	2.0927847794254573e-4	rm_rm	rm2_rm3	0.11
