ks_stat	p.value	Condition	sample_name	cutoff
0.09259259259259259	0.7879562560918555	rm_rm	rm2_rm3	0.62
