ks_stat	p.value	Condition	sample_name	cutoff
0.10416666666666666	0.7148352497102577	rm_rm	rm2_rm3	0.63
