ks_stat	p.value	Condition	sample_name	cutoff
0.16666666666666718	0.11953700520119939	rm_rm	rm2_rm3	0.18
