ks_stat	p.value	Condition	sample_name	cutoff
0.23991228070175386	4.2076562207307103e-4	rm_rm	rm2_rm2	0.28
