ks_stat	p.value	Condition	sample_name	cutoff
0.19047619047619047	0.3766179814540036	rm_gf	rm2_gf2	0.21
