ks_stat	p.value	Condition	sample_name	cutoff
0.0808080808080808	0.724922999207338	rm_rm	rm2_rm3	0.28
