ks_stat	p.value	Condition	sample_name	cutoff
0.058823529411764774	0.9876934691795977	rm_gf	rm2_gf3	0.18
