ks_stat	p.value	Condition	sample_name	cutoff
0.2636165577342051	3.0166551757339154e-4	rm_rm	rm2_rm2	0.4
