ks_stat	p.value	Condition	sample_name	cutoff
0.16666666666666624	0.10847909235742356	rm_rm	rm2_rm3	0.41
