ks_stat	p.value	Condition	sample_name	cutoff
0.2418300653594772	0.0012164041379972032	rm_rm	rm2_rm4	0.19
