ks_stat	p.value	Condition	sample_name	cutoff
0.37324561403508777	2.519410105167825e-9	rm_rm	rm2_rm2	0.34
