ks_stat	p.value	Condition	sample_name	cutoff
0.2302631578947368	8.200962777419134e-4	rm_rm	rm2_rm2	0.25
