ks_stat	p.value	Condition	sample_name	cutoff
0.16666666666666674	0.8211421258959459	rm_gf	rm2_gf3	0.66
