ks_stat	p.value	Condition	sample_name	cutoff
0.08333333333333334	0.8565122470047559	rm_gf	rm2_gf3	0.37
