ks_stat	p.value	Condition	sample_name	cutoff
0.16666666666666666	0.8675862068965517	rm_gf	rm2_gf3	0.71
