ks_stat	p.value	Condition	sample_name	cutoff
0.22514619883040918	0.0019472138084064246	rm_rm	rm2_rm2	0.27
