ks_stat	p.value	Condition	sample_name	cutoff
0.22619047619047616	0.10093574025898236	rm_rm	rm2_rm1	0.55
