ks_stat	p.value	Condition	sample_name	cutoff
0.07222222222222217	0.8708349658027006	rm_gf	rm2_gf2	0.11
