ks_stat	p.value	Condition	sample_name	cutoff
0.35897435897435914	1.759800378774073e-5	rm_rm	rm2_rm2	0.54
