ks_stat	p.value	Condition	sample_name	cutoff
0.16666666666666666	0.9264367816091952	rm_gf	rm2_gf2	0.48
