ks_stat	p.value	Condition	sample_name	cutoff
0.5000000000000001	0.08014652014652013	rm_gf	rm2_gf2	0.58
