ks_stat	p.value	Condition	sample_name	cutoff
0.19871794871794846	0.017280793237787133	rm_gf	rm2_gf1	0.14
