ks_stat	p.value	Condition	sample_name	cutoff
0.47076023391812855	1.3631447207191633e-13	rm_rm	rm2_rm4	0.12
