ks_stat	p.value	Condition	sample_name	cutoff
0.5000000000000006	4.331636761463462e-6	rm_rm	rm2_rm3	0.13
