ks_stat	p.value	Condition	sample_name	cutoff
0.09444444444444443	0.6521540250265543	rm_rm	rm2_rm3	0.34
