ks_stat	p.value	Condition	sample_name	cutoff
0.4678362573099415	1.9842339527553995e-13	rm_rm	rm2_rm4	0.17
