ks_stat	p.value	Condition	sample_name	cutoff
0.6666666666666666	0.3846153846153846	rm_rm	rm2_rm2	0.87
