ks_stat	p.value	Condition	sample_name	cutoff
0.2564102564102565	0.0032561951794137702	rm_rm	rm2_rm4	0.1
