ks_stat	p.value	Condition	sample_name	cutoff
0.22474747474747447	0.015268403345207331	rm_rm	rm2_rm3	0.54
