ks_stat	p.value	Condition	sample_name	cutoff
0.07017543859649122	0.8891458028836866	rm_gf	rm2_gf3	0.15
