ks_stat	p.value	Condition	sample_name	cutoff
0.16666666666666685	0.03595695219533424	rm_rm	rm2_rm4	0.31
