ks_stat	p.value	Condition	sample_name	cutoff
0.13333333333333341	0.9378547446059677	rm_gf	rm2_gf4	0.47
