ks_stat	p.value	Condition	sample_name	cutoff
0.3333333333333332	0.07335789680620179	rm_rm	rm2_rm1	0.14
