ks_stat	p.value	Condition	sample_name	cutoff
0.16666666666666674	0.03565552847987397	rm_gf	rm2_gf3	0.21
