ks_stat	p.value	Condition	sample_name	cutoff
0.07070707070707072	0.7966883168934171	rm_gf	rm2_gf4	0.19
