ks_stat	p.value	Condition	sample_name	cutoff
0.12087912087912099	0.23259816262388017	rm_rm	rm2_rm3	0.21
