ks_stat	p.value	Condition	sample_name	cutoff
0.1546840958605667	0.09665180198090735	rm_gf	rm2_gf1	0.1
