ks_stat	p.value	Condition	sample_name	cutoff
0.3358585858585856	1.2555226491140316e-4	rm_rm	rm2_rm2	0.56
