ks_stat	p.value	Condition	sample_name	cutoff
0.3725490196078426	1.8813152303137238e-7	rm_rm	rm2_rm2	0.15
