ks_stat	p.value	Condition	sample_name	cutoff
0.40833333333333505	4.4604029856306785e-11	rm_rm	rm2_rm4	0.14
