ks_stat	p.value	Condition	sample_name	cutoff
0.24603174603174624	1.4473834278796904e-4	rm_rm	rm2_rm2	0.24
