ks_stat	p.value	Condition	sample_name	cutoff
0.09523809523809522	0.7499651413312434	rm_rm	rm2_rm1	0.41
