ks_stat	p.value	Condition	sample_name	cutoff
0.2888888888888888	0.16220144282071458	rm_rm	rm2_rm1	0.21
