ks_stat	p.value	Condition	sample_name	cutoff
0.10185185185185185	0.746394529218217	rm_rm	rm2_rm3	0.35
