ks_stat	p.value	Condition	sample_name	cutoff
0.4666666666666663	4.754210924465755e-6	rm_rm	rm2_rm1	0.1
