ks_stat	p.value	Condition	sample_name	cutoff
0.09523809523809523	0.930784282647521	rm_gf	rm2_gf4	0.28
