ks_stat	p.value	Condition	sample_name	cutoff
0.0944444444444445	0.674375182800182	rm_rm	rm2_rm1	0.47
