ks_stat	p.value	Condition	sample_name	cutoff
0.19999999999999996	0.6544931746544649	rm_rm	rm2_rm1	0.34
