ks_stat	p.value	Condition	sample_name	cutoff
0.13450292397660818	0.1682501837343001	rm_gf	rm2_gf4	0.1
