ks_stat	p.value	Condition	sample_name	cutoff
0.16666666666666674	0.8081704236203389	rm_rm	rm2_rm4	0.57
