ks_stat	p.value	Condition	sample_name	cutoff
0.0714285714285714	0.9212591584682642	rm_gf	rm2_gf2	0.16
