ks_stat	p.value	Condition	sample_name	cutoff
0.16666666666666663	0.06145232806612894	rm_rm	rm2_rm4	0.33
