ks_stat	p.value	Condition	sample_name	cutoff
0.10256410256410255	0.49571741883727805	rm_gf	rm2_gf4	0.21
