ks_stat	p.value	Condition	sample_name	cutoff
0.34477124183006513	5.813569919284369e-7	rm_rm	rm2_rm2	0.45
