ks_stat	p.value	Condition	sample_name	cutoff
0.16666666666666655	0.30009412169728855	rm_rm	rm2_rm4	0.44
