ks_stat	p.value	Condition	sample_name	cutoff
0.08787878787878788	0.6897174286483949	rm_rm	rm2_rm3	0.37
