ks_stat	p.value	Condition	sample_name	cutoff
0.13333333333333341	0.9368756734181682	rm_gf	rm2_gf2	0.44
