ks_stat	p.value	Condition	sample_name	cutoff
0.1575757575757576	0.18691091873974264	rm_gf	rm2_gf1	0.19
