ks_stat	p.value	Condition	sample_name	cutoff
0.10714285714285708	0.7697749508500625	rm_gf	rm2_gf3	0.42
