ks_stat	p.value	Condition	sample_name	cutoff
0.08888888888888885	0.9549413311533717	rm_gf	rm2_gf1	0.26
