ks_stat	p.value	Condition	sample_name	cutoff
0.1666666666666669	0.033611766780773024	rm_gf	rm2_gf3	0.1
