ks_stat	p.value	Condition	sample_name	cutoff
0.279973649538867	1.6652499987838983e-6	rm_rm	rm2_rm2	0.29
