ks_stat	p.value	Condition	sample_name	cutoff
0.1575757575757577	0.19379603874507856	rm_gf	rm2_gf3	0.26
