ks_stat	p.value	Condition	sample_name	cutoff
0.09523809523809523	0.9206440344936162	rm_gf	rm2_gf1	0.33
