ks_stat	p.value	Condition	sample_name	cutoff
0.16666666666666619	0.10439443285589346	rm_rm	rm2_rm3	0.48
