ks_stat	p.value	Condition	sample_name	cutoff
0.09999999999999999	0.9303779781608122	rm_gf	rm2_gf3	0.49
