ks_stat	p.value	Condition	sample_name	cutoff
0.16666666666666602	0.05936085079355237	rm_rm	rm2_rm4	0.23
