ks_stat	p.value	Condition	sample_name	cutoff
0.08333333333333326	0.576562734051794	rm_rm	rm2_rm3	0.2
