ks_stat	p.value	Condition	sample_name	cutoff
0.33333333333333315	0.0735746575531695	rm_rm	rm2_rm1	0.15
