ks_stat	p.value	Condition	sample_name	cutoff
0.0888888888888889	0.9740932842874649	rm_gf	rm2_gf1	0.23
