ks_stat	p.value	Condition	sample_name	cutoff
0.08888888888888893	0.5624505294360675	rm_gf	rm2_gf3	0.13
