ks_stat	p.value	Condition	sample_name	cutoff
0.21428571428571458	8.928084213957869e-4	rm_rm	rm2_rm2	0.21
