ks_stat	p.value	Condition	sample_name	cutoff
0.14444444444444443	0.648101088616885	rm_gf	rm2_gf1	0.37
