ks_stat	p.value	Condition	sample_name	cutoff
0.07407407407407407	0.9017065008558655	rm_gf	rm2_gf2	0.13
