ks_stat	p.value	Condition	sample_name	cutoff
0.16666666666666663	0.039560724386495244	rm_rm	rm2_rm4	0.32
