ks_stat	p.value	Condition	sample_name	cutoff
0.2777777777777778	0.8045112781954887	rm_gf	rm2_gf1	0.54
