ks_stat	p.value	Condition	sample_name	cutoff
0.32843137254901933	6.920084957485475e-6	rm_rm	rm2_rm2	0.43
