ks_stat	p.value	Condition	sample_name	cutoff
0.4999999999999998	0.26917293233082706	rm_gf	rm2_gf1	0.71
