ks_stat	p.value	Condition	sample_name	cutoff
0.3473684210526316	3.9134610129436654e-8	rm_rm	rm2_rm4	0.15
