ks_stat	p.value	Condition	sample_name	cutoff
0.181372549019608	0.043213739052652154	rm_rm	rm2_rm2	0.41
