ks_stat	p.value	Condition	sample_name	cutoff
0.35964912280701744	4.1333618470835945e-8	rm_rm	rm2_rm2	0.46
