ks_stat	p.value	Condition	sample_name	cutoff
0.13095238095238093	0.5785111014607305	rm_gf	rm2_gf2	0.17
