ks_stat	p.value	Condition	sample_name	cutoff
0.19871794871794857	0.017297474845635555	rm_gf	rm2_gf1	0.13
