ks_stat	p.value	Condition	sample_name	cutoff
0.3333333333333333	0.6571428571428573	rm_gf	rm2_gf4	0.69
