ks_stat	p.value	Condition	sample_name	cutoff
0.16666666666666727	0.22928446054756615	rm_rm	rm2_rm3	0.1
