ks_stat	p.value	Condition	sample_name	cutoff
0.09217171717171717	0.5124901357456824	rm_gf	rm2_gf2	0.1
