ks_stat	p.value	Condition	sample_name	cutoff
0.2333333333333334	0.4134132125118843	rm_rm	rm2_rm2	0.73
