ks_stat	p.value	Condition	sample_name	cutoff
0.16666666666666666	0.9299397920087576	rm_rm	rm2_rm1	0.24
