ks_stat	p.value	Condition	sample_name	cutoff
0.39682539682539714	3.803962652184293e-8	rm_rm	rm2_rm2	0.5
