ks_stat	p.value	Condition	sample_name	cutoff
0.2539682539682542	7.74728521221842e-5	rm_rm	rm2_rm2	0.32
