ks_stat	p.value	Condition	sample_name	cutoff
0.16666666666666707	0.12798080757370778	rm_rm	rm2_rm4	0.35
