ks_stat	p.value	Condition	sample_name	cutoff
0.12820512820512817	0.27220853914121057	rm_rm	rm2_rm3	0.23
