ks_stat	p.value	Condition	sample_name	cutoff
0.07142857142857142	0.9827744649846584	rm_gf	rm2_gf3	0.44
