ks_stat	p.value	Condition	sample_name	cutoff
0.09444444444444443	0.6799939947374887	rm_rm	rm2_rm3	0.36
