ks_stat	p.value	Condition	sample_name	cutoff
0.06565656565656552	0.8494178715380306	rm_gf	rm2_gf3	0.23
