ks_stat	p.value	Condition	sample_name	cutoff
0.08484848484848485	0.7351569993917627	rm_rm	rm2_rm3	0.32
