ks_stat	p.value	Condition	sample_name	cutoff
0.16666666666666666	0.4561229726145666	rm_rm	rm2_rm1	0.64
