ks_stat	p.value	Condition	sample_name	cutoff
0.14814814814814842	0.3776979063248237	rm_rm	rm2_rm3	0.58
