ks_stat	p.value	Condition	sample_name	cutoff
0.4873015873015868	1.1435207073569796e-16	rm_rm	rm2_rm4	0.13
