ks_stat	p.value	Condition	sample_name	cutoff
0.42647058823529305	1.239530086431882e-9	rm_rm	rm2_rm2	0.48
