ks_stat	p.value	Condition	sample_name	cutoff
0.0980392156862746	0.629724420520462	rm_gf	rm2_gf3	0.17
