ks_stat	p.value	Condition	sample_name	cutoff
0.41666666666666646	0.0010722226160644912	rm_rm	rm2_rm1	0.11
