ks_stat	p.value	Condition	sample_name	cutoff
0.13333333333333341	0.9711431649911626	rm_rm	rm2_rm1	0.26
