ks_stat	p.value	Condition	sample_name	cutoff
0.11111111111111105	0.4499918056454046	rm_gf	rm2_gf3	0.24
