ks_stat	p.value	Condition	sample_name	cutoff
0.27083333333333337	0.05026615551006415	rm_gf	rm2_gf4	0.29
