ks_stat	p.value	Condition	sample_name	cutoff
0.07142857142857142	0.994008677675064	rm_rm	rm2_rm1	0.28
