ks_stat	p.value	Condition	sample_name	cutoff
0.20833333333333331	0.7136962654204034	rm_rm	rm2_rm1	0.82
