ks_stat	p.value	Condition	sample_name	cutoff
0.10555555555555554	0.8674217835531219	rm_gf	rm2_gf4	0.45
