ks_stat	p.value	Condition	sample_name	cutoff
0.23809523809523808	0.17170583462038433	rm_gf	rm2_gf1	0.36
