ks_stat	p.value	Condition	sample_name	cutoff
0.4093567251461988	2.2144886129200158e-10	rm_rm	rm2_rm4	0.16
