ks_stat	p.value	Condition	sample_name	cutoff
0.166666666666667	0.025176234264884457	rm_gf	rm2_gf3	0.11
