ks_stat	p.value	Condition	sample_name	cutoff
0.08928571428571427	0.8344771695494793	rm_rm	rm2_rm1	0.43
