ks_stat	p.value	Condition	sample_name	cutoff
0.14285714285714285	0.7104891479407115	rm_rm	rm2_rm1	0.62
