ks_stat	p.value	Condition	sample_name	cutoff
0.34722222222222165	6.426647983254978e-5	rm_gf	rm2_gf1	0.15
