ks_stat	p.value	Condition	sample_name	cutoff
0.1111111111111111	0.8185149823476093	rm_rm	rm2_rm1	0.65
