ks_stat	p.value	Condition	sample_name	cutoff
0.2222222222222222	0.9729323308270676	rm_gf	rm2_gf3	0.78
