ks_stat	p.value	Condition	sample_name	cutoff
0.04901960784313722	0.9989990712966316	rm_gf	rm2_gf3	0.19
