ks_stat	p.value	Condition	sample_name	cutoff
0.07738095238095237	0.9217311633116605	rm_gf	rm2_gf2	0.18
