ks_stat	p.value	Condition	sample_name	cutoff
0.16666666666666635	0.08825394408332679	rm_rm	rm2_rm3	0.49
