ks_stat	p.value	Condition	sample_name	cutoff
0.08888888888888885	0.731410937090015	rm_gf	rm2_gf4	0.25
