ks_stat	p.value	Condition	sample_name	cutoff
0.14285714285714285	0.5861469977017881	rm_rm	rm2_rm1	0.42
