ks_stat	p.value	Condition	sample_name	cutoff
0.20833333333333331	0.7333333333333334	rm_rm	rm2_rm3	0.82
