ks_stat	p.value	Condition	sample_name	cutoff
0.44999999999999973	6.797441245382958e-6	rm_rm	rm2_rm2	0.6
