ks_stat	p.value	Condition	sample_name	cutoff
0.1666666666666663	0.426782973024934	rm_rm	rm2_rm4	0.48
