ks_stat	p.value	Condition	sample_name	cutoff
0.1666666666666666	0.7834988206505236	rm_rm	rm2_rm1	0.32
