ks_stat	p.value	Condition	sample_name	cutoff
0.14814814814814822	0.41292414039728986	rm_gf	rm2_gf1	0.21
