ks_stat	p.value	Condition	sample_name	cutoff
0.16666666666666646	0.19143697349185063	rm_rm	rm2_rm4	0.36
