ks_stat	p.value	Condition	sample_name	cutoff
0.20833333333333331	0.7612984716432992	rm_rm	rm2_rm4	0.69
