ks_stat	p.value	Condition	sample_name	cutoff
0.46969696969696995	2.802182925205342e-7	rm_rm	rm2_rm2	0.57
