ks_stat	p.value	Condition	sample_name	cutoff
0.3333333333333338	4.906739583675242e-4	rm_gf	rm2_gf1	0.16
