ks_stat	p.value	Condition	sample_name	cutoff
0.16666666666666635	0.0921313723294591	rm_rm	rm2_rm3	0.46
