ks_stat	p.value	Condition	sample_name	cutoff
0.5000000000000001	0.09792598206391308	rm_gf	rm2_gf1	0.59
