ks_stat	p.value	Condition	sample_name	cutoff
0.08974358974358974	0.6350754439071655	rm_gf	rm2_gf4	0.18
