ks_stat	p.value	Condition	sample_name	cutoff
0.19444444444444436	0.4753792264911725	rm_rm	rm2_rm1	0.30
