ks_stat	p.value	Condition	sample_name	cutoff
0.16666666666666674	0.03797542658626327	rm_gf	rm2_gf4	0.14
