ks_stat	p.value	Condition	sample_name	cutoff
0.20000000000000007	0.6968503598884106	rm_rm	rm2_rm1	0.23
