ks_stat	p.value	Condition	sample_name	cutoff
0.30000000000000004	0.20850553749035722	rm_gf	rm2_gf1	0.44
