ks_stat	p.value	Condition	sample_name	cutoff
0.1111111111111111	0.8725487473401234	rm_gf	rm2_gf2	0.23
