ks_stat	p.value	Condition	sample_name	cutoff
0.3571428571428571	0.023864683031487192	rm_rm	rm2_rm1	0.18
