ks_stat	p.value	Condition	sample_name	cutoff
0.20833333333333331	0.7596059113300492	rm_gf	rm2_gf4	0.55
