ks_stat	p.value	Condition	sample_name	cutoff
0.14814814814814814	0.3552784746785458	rm_rm	rm2_rm1	0.46
