ks_stat	p.value	Condition	sample_name	cutoff
0.1777777777777778	0.13698918734578758	rm_rm	rm2_rm3	0.55
