ks_stat	p.value	Condition	sample_name	cutoff
0.1666666666666664	0.04510077822787321	rm_rm	rm2_rm4	0.27
