ks_stat	p.value	Condition	sample_name	cutoff
0.27777777777777773	0.8105263157894738	rm_gf	rm2_gf1	0.68
