ks_stat	p.value	Condition	sample_name	cutoff
0.23809523809523783	0.19241964960038166	rm_gf	rm2_gf4	0.32
