ks_stat	p.value	Condition	sample_name	cutoff
0.478070175438597	5.0168141920294074e-15	rm_rm	rm2_rm2	0.18
