ks_stat	p.value	Condition	sample_name	cutoff
0.16666666666666666	0.7343101343101341	rm_rm	rm2_rm2	0.8
