ks_stat	p.value	Condition	sample_name	cutoff
0.19047619047619094	0.0065970112751230926	rm_rm	rm2_rm2	0.23
