ks_stat	p.value	Condition	sample_name	cutoff
0.3809523809523807	0.013998885165568013	rm_rm	rm2_rm1	0.12
