ks_stat	p.value	Condition	sample_name	cutoff
0.15740740740740738	0.2713065637072718	rm_rm	rm2_rm1	0.48
