ks_stat	p.value	Condition	sample_name	cutoff
0.2777777777777778	0.8533834586466165	rm_gf	rm2_gf2	0.77
