ks_stat	p.value	Condition	sample_name	cutoff
0.5000000000000002	0.08333122815881437	rm_gf	rm2_gf4	0.67
