ks_stat	p.value	Condition	sample_name	cutoff
0.16666666666666652	0.60644033712234	rm_rm	rm2_rm4	0.53
