ks_stat	p.value	Condition	sample_name	cutoff
0.16666666666666685	0.03717985864273785	rm_rm	rm2_rm2	0.52
