ks_stat	p.value	Condition	sample_name	cutoff
0.19047619047619047	0.33683044381638033	rm_gf	rm2_gf4	0.34
