ks_stat	p.value	Condition	sample_name	cutoff
0.13636363636363666	0.24651368708049412	rm_rm	rm2_rm3	0.27
