ks_stat	p.value	Condition	sample_name	cutoff
0.4666666666666673	1.6312857064661616e-10	rm_rm	rm2_rm2	0.16
