ks_stat	p.value	Condition	sample_name	cutoff
0.07407407407407407	0.8994998575339533	rm_gf	rm2_gf2	0.14
