ks_stat	p.value	Condition	sample_name	cutoff
0.26900584795321636	1.004080651133624e-4	rm_rm	rm2_rm2	0.11
