ks_stat	p.value	Condition	sample_name	cutoff
0.13095238095238093	0.5864073687313147	rm_gf	rm2_gf2	0.2
