ks_stat	p.value	Condition	sample_name	cutoff
0.16666666666666696	0.10331696306503277	rm_gf	rm2_gf4	0.12
