ks_stat	p.value	Condition	sample_name	cutoff
0.04444444444444445	0.9900629189884946	rm_gf	rm3_gf3	0.31
