ks_stat	p.value	Condition	sample_name	cutoff
0.14102564102564102	0.20704707544491815	rm_rm	rm3_rm3	0.19
