ks_stat	p.value	Condition	sample_name	cutoff
0.08974358974358974	0.5781290690637366	rm_rm	rm3_rm4	0.29
