ks_stat	p.value	Condition	sample_name	cutoff
0.47619047619047616	9.849994648526523e-4	rm_rm	rm3_rm1	0.18
