ks_stat	p.value	Condition	sample_name	cutoff
0.08181818181818183	0.7476063527878682	rm_rm	rm3_rm3	0.29
