ks_stat	p.value	Condition	sample_name	cutoff
0.11538461538461538	0.3433349435656154	rm_rm	rm3_rm2	0.53
