ks_stat	p.value	Condition	sample_name	cutoff
0.04444444444444445	0.990017605824204	rm_gf	rm3_gf3	0.33
