ks_stat	p.value	Condition	sample_name	cutoff
0.19999999999999993	0.7131559533936442	rm_gf	rm3_gf4	0.65
