ks_stat	p.value	Condition	sample_name	cutoff
0.3333333333333328	1.0784802411527687e-4	rm_rm	rm3_rm2	0.55
