ks_stat	p.value	Condition	sample_name	cutoff
0.39215686274509753	3.276111026091998e-8	rm_rm	rm3_rm2	0.15
