ks_stat	p.value	Condition	sample_name	cutoff
0.27777777777777835	0.021942206934344725	rm_rm	rm3_rm1	0.49
