ks_stat	p.value	Condition	sample_name	cutoff
0.16666666666666666	0.7647679260582487	rm_rm	rm3_rm2	0.72
