ks_stat	p.value	Condition	sample_name	cutoff
0.19047619047619047	0.38598891015507897	rm_rm	rm3_rm1	0.28
