ks_stat	p.value	Condition	sample_name	cutoff
0.1750000000000001	0.0762624239865337	rm_rm	rm3_rm2	0.51
