ks_stat	p.value	Condition	sample_name	cutoff
0.15789473684210517	0.06604525099593911	rm_rm	rm3_rm4	0.21
