ks_stat	p.value	Condition	sample_name	cutoff
0.10526315789473698	0.38896119446705135	rm_rm	rm3_rm2	0.25
