ks_stat	p.value	Condition	sample_name	cutoff
0.06060606060606061	0.8854146994767367	rm_gf	rm3_gf3	0.23
