ks_stat	p.value	Condition	sample_name	cutoff
0.10000000000000002	0.6034344150816251	rm_rm	rm3_rm3	0.36
