ks_stat	p.value	Condition	sample_name	cutoff
0.14444444444444443	0.2845585488150646	rm_rm	rm3_rm1	0.47
