ks_stat	p.value	Condition	sample_name	cutoff
0.25146198830409305	3.501512979232086e-4	rm_rm	rm3_rm2	0.17
