ks_stat	p.value	Condition	sample_name	cutoff
0.20833333333333331	0.8390804597701151	rm_gf	rm3_gf3	0.56
