ks_stat	p.value	Condition	sample_name	cutoff
0.13333333333333333	0.8535309503051437	rm_gf	rm3_gf3	0.54
