ks_stat	p.value	Condition	sample_name	cutoff
0.09523809523809523	0.9275042496804154	rm_gf	rm3_gf3	0.44
