ks_stat	p.value	Condition	sample_name	cutoff
0.11041666666666665	0.5338152203016665	rm_gf	rm3_gf1	0.11
