ks_stat	p.value	Condition	sample_name	cutoff
0.08333333333333333	0.8819844548680168	rm_rm	rm3_rm4	0.4
