ks_stat	p.value	Condition	sample_name	cutoff
0.25000000000000006	0.06718932149368219	rm_rm	rm3_rm1	0.55
