ks_stat	p.value	Condition	sample_name	cutoff
0.14814814814814814	0.3544073861292183	rm_rm	rm3_rm1	0.46
