ks_stat	p.value	Condition	sample_name	cutoff
0.16666666666666657	0.5641989651306814	rm_rm	rm3_rm2	0.69
