ks_stat	p.value	Condition	sample_name	cutoff
0.055555555555555566	0.9813756208319067	rm_gf	rm3_gf3	0.37
