ks_stat	p.value	Condition	sample_name	cutoff
0.07600732600732603	0.614425647042246	rm_gf	rm3_gf4	0.15
