ks_stat	p.value	Condition	sample_name	cutoff
0.17543859649122806	0.029677016070979143	rm_rm	rm3_rm2	0.46
