ks_stat	p.value	Condition	sample_name	cutoff
0.23809523809523805	0.19381059046085777	rm_rm	rm3_rm1	0.12
