ks_stat	p.value	Condition	sample_name	cutoff
0.09365079365079361	0.3828654228711422	rm_gf	rm3_gf4	0.14
