ks_stat	p.value	Condition	sample_name	cutoff
0.14285714285714285	0.7244995774656138	rm_rm	rm3_rm4	0.46
