ks_stat	p.value	Condition	sample_name	cutoff
0.07142857142857141	0.9400717638343629	rm_gf	rm3_gf4	0.29
