ks_stat	p.value	Condition	sample_name	cutoff
0.08791208791208784	0.5296265309080179	rm_rm	rm3_rm3	0.2
