ks_stat	p.value	Condition	sample_name	cutoff
0.13636363636363655	0.2159044925830098	rm_rm	rm3_rm3	0.24
