ks_stat	p.value	Condition	sample_name	cutoff
0.13636363636363655	0.23047464567833179	rm_rm	rm3_rm3	0.26
