ks_stat	p.value	Condition	sample_name	cutoff
0.09259259259259259	0.8467159392064353	rm_rm	rm3_rm3	0.6
