ks_stat	p.value	Condition	sample_name	cutoff
0.11904761904761899	0.21900254728880153	rm_rm	rm3_rm2	0.5
