ks_stat	p.value	Condition	sample_name	cutoff
0.10526315789473684	0.43461898794225995	rm_gf	rm3_gf3	0.12
