ks_stat	p.value	Condition	sample_name	cutoff
0.1363636363636366	0.22966161950955993	rm_rm	rm3_rm3	0.48
