ks_stat	p.value	Condition	sample_name	cutoff
0.1388888888888889	0.6508498555121881	rm_rm	rm3_rm1	0.67
