ks_stat	p.value	Condition	sample_name	cutoff
0.3307017543859648	2.0630854436607436e-7	rm_rm	rm3_rm4	0.15
