ks_stat	p.value	Condition	sample_name	cutoff
0.20833333333333331	0.8290598290598291	rm_gf	rm3_gf3	0.71
