ks_stat	p.value	Condition	sample_name	cutoff
0.09444444444444434	0.7135697823467648	rm_rm	rm3_rm4	0.37
