ks_stat	p.value	Condition	sample_name	cutoff
0.14545454545454528	0.23386801766767254	rm_gf	rm3_gf4	0.24
