ks_stat	p.value	Condition	sample_name	cutoff
0.19999999999999993	0.5798725512909574	rm_gf	rm3_gf3	0.69
