ks_stat	p.value	Condition	sample_name	cutoff
0.1555555555555554	0.2766070771420507	rm_gf	rm3_gf4	0.25
