ks_stat	p.value	Condition	sample_name	cutoff
0.16666666666666652	0.6064717457659712	rm_rm	rm3_rm1	0.30
