ks_stat	p.value	Condition	sample_name	cutoff
0.27083333333333326	0.05607235261257975	rm_rm	rm3_rm1	0.11
