ks_stat	p.value	Condition	sample_name	cutoff
0.2631578947368417	1.536955239296925e-4	rm_rm	rm3_rm2	0.19
