ks_stat	p.value	Condition	sample_name	cutoff
0.19696969696969668	0.04462231824262115	rm_rm	rm3_rm3	0.54
