ks_stat	p.value	Condition	sample_name	cutoff
0.19117647058823556	0.028230288040777134	rm_rm	rm3_rm2	0.43
