ks_stat	p.value	Condition	sample_name	cutoff
0.11220043572984752	0.40281507480126133	rm_gf	rm3_gf1	0.1
