ks_stat	p.value	Condition	sample_name	cutoff
0.25000000000000006	0.06956250014312196	rm_rm	rm3_rm1	0.5
