ks_stat	p.value	Condition	sample_name	cutoff
0.21929824561403488	0.002778621908532654	rm_rm	rm3_rm2	0.33
