ks_stat	p.value	Condition	sample_name	cutoff
0.2999999999999999	0.003298199031171293	rm_rm	rm3_rm2	0.6
