ks_stat	p.value	Condition	sample_name	cutoff
0.12222222222222219	0.45154212212473	rm_gf	rm3_gf2	0.11
