ks_stat	p.value	Condition	sample_name	cutoff
0.14285714285714285	0.6286106392339694	rm_rm	rm3_rm1	0.42
