ks_stat	p.value	Condition	sample_name	cutoff
0.2142857142857144	8.92808421395798e-4	rm_rm	rm3_rm2	0.21
