ks_stat	p.value	Condition	sample_name	cutoff
0.25000000000000006	0.06741972538246746	rm_rm	rm3_rm1	0.54
