ks_stat	p.value	Condition	sample_name	cutoff
0.08095238095238086	0.6804584729930617	rm_gf	rm3_gf3	0.11
