ks_stat	p.value	Condition	sample_name	cutoff
0.13398692810457552	0.20574798365061767	rm_rm	rm3_rm2	0.4
