ks_stat	p.value	Condition	sample_name	cutoff
0.09696969696969696	0.5326346289172587	rm_rm	rm3_rm3	0.37
