ks_stat	p.value	Condition	sample_name	cutoff
0.2777777777777778	0.8263157894736841	rm_gf	rm3_gf3	0.79
