ks_stat	p.value	Condition	sample_name	cutoff
0.08585858585858587	0.6160347629249401	rm_rm	rm3_rm3	0.38
