ks_stat	p.value	Condition	sample_name	cutoff
0.11458333333333331	0.48559071057857217	rm_gf	rm3_gf4	0.12
