ks_stat	p.value	Condition	sample_name	cutoff
0.15151515151515152	0.2033389859045729	rm_gf	rm3_gf1	0.16
