ks_stat	p.value	Condition	sample_name	cutoff
0.33333333333333337	0.5533834586466163	rm_rm	rm3_rm4	0.8
