ks_stat	p.value	Condition	sample_name	cutoff
0.11904761904761915	0.21433142682804512	rm_rm	rm3_rm2	0.24
