ks_stat	p.value	Condition	sample_name	cutoff
0.14285714285714285	0.6819138798735562	rm_gf	rm3_gf2	0.19
