ks_stat	p.value	Condition	sample_name	cutoff
0.16666666666666666	0.7883350302705141	rm_gf	rm3_gf2	0.33
