ks_stat	p.value	Condition	sample_name	cutoff
0.1696969696969697	0.12532929065837486	rm_rm	rm3_rm3	0.18
