ks_stat	p.value	Condition	sample_name	cutoff
0.19999999999999996	0.38995410900854427	rm_rm	rm3_rm1	0.37
