ks_stat	p.value	Condition	sample_name	cutoff
0.1111111111111111	0.6432568431334562	rm_rm	rm3_rm3	0.35
