ks_stat	p.value	Condition	sample_name	cutoff
0.19999999999999993	0.6909464681361216	rm_rm	rm3_rm4	0.59
