ks_stat	p.value	Condition	sample_name	cutoff
0.1944444444444443	0.4401976719284514	rm_rm	rm3_rm1	0.14
