ks_stat	p.value	Condition	sample_name	cutoff
0.5000000000000006	4.7316209085248985e-7	rm_rm	rm3_rm3	0.13
