ks_stat	p.value	Condition	sample_name	cutoff
0.16911764705882362	0.07129481047583118	rm_rm	rm3_rm2	0.41
