ks_stat	p.value	Condition	sample_name	cutoff
0.31862745098039197	1.4496740701700197e-5	rm_rm	rm3_rm2	0.13
