ks_stat	p.value	Condition	sample_name	cutoff
0.2999999999999999	0.0035980520321070514	rm_rm	rm3_rm3	0.16
