ks_stat	p.value	Condition	sample_name	cutoff
0.24673202614379103	8.982145159381846e-4	rm_rm	rm3_rm2	0.26
