ks_stat	p.value	Condition	sample_name	cutoff
0.16300366300366295	0.05003363033950814	rm_gf	rm3_gf1	0.14
