ks_stat	p.value	Condition	sample_name	cutoff
0.2500000000000001	0.07446877658169909	rm_rm	rm3_rm2	0.63
