ks_stat	p.value	Condition	sample_name	cutoff
0.19553376906318098	0.015795981095359	rm_rm	rm3_rm4	0.2
