ks_stat	p.value	Condition	sample_name	cutoff
0.27777777777777846	0.021538604051473273	rm_rm	rm3_rm1	0.52
