ks_stat	p.value	Condition	sample_name	cutoff
0.0606060606060606	0.875959913324321	rm_gf	rm3_gf3	0.24
