ks_stat	p.value	Condition	sample_name	cutoff
0.0946969696969697	0.5325640260887338	rm_rm	rm3_rm3	0.39
