ks_stat	p.value	Condition	sample_name	cutoff
0.18518518518518517	0.1597556635434645	rm_gf	rm3_gf1	0.21
