ks_stat	p.value	Condition	sample_name	cutoff
0.14545454545454548	0.2272409169254007	rm_gf	rm3_gf1	0.19
