ks_stat	p.value	Condition	sample_name	cutoff
0.14285714285714288	0.6346307571142576	rm_rm	rm3_rm1	0.63
