ks_stat	p.value	Condition	sample_name	cutoff
0.0641025641025641	0.8826218107822363	rm_rm	rm3_rm4	0.33
