ks_stat	p.value	Condition	sample_name	cutoff
0.3830409356725146	3.838447501120693e-9	rm_rm	rm3_rm4	0.16
