ks_stat	p.value	Condition	sample_name	cutoff
0.11818181818181832	0.39556732106172776	rm_gf	rm3_gf3	0.25
