ks_stat	p.value	Condition	sample_name	cutoff
0.2222222222222222	0.9172932330827064	rm_rm	rm3_rm2	0.84
