ks_stat	p.value	Condition	sample_name	cutoff
0.2857142857142859	5.214873761650629e-6	rm_rm	rm3_rm2	0.32
