ks_stat	p.value	Condition	sample_name	cutoff
0.13888888888888923	0.4590212811171901	rm_rm	rm3_rm1	0.57
