ks_stat	p.value	Condition	sample_name	cutoff
0.33333333333333326	0.0019081772159225984	rm_rm	rm3_rm1	0.1
