ks_stat	p.value	Condition	sample_name	cutoff
0.10000000000000009	0.9901232159296677	rm_rm	rm3_rm1	0.27
