ks_stat	p.value	Condition	sample_name	cutoff
0.13392857142857142	0.5000050273470753	rm_gf	rm3_gf2	0.15
