ks_stat	p.value	Condition	sample_name	cutoff
0.16557734204793034	0.062144221534853876	rm_rm	rm3_rm4	0.18
