ks_stat	p.value	Condition	sample_name	cutoff
0.1377995642701526	0.18051258672200748	rm_rm	rm3_rm2	0.1
