ks_stat	p.value	Condition	sample_name	cutoff
0.294871794871795	5.031880192164046e-4	rm_rm	rm3_rm4	0.1
