ks_stat	p.value	Condition	sample_name	cutoff
0.20833333333333331	0.8290598290598291	rm_rm	rm3_rm3	0.81
