ks_stat	p.value	Condition	sample_name	cutoff
0.14705882352941194	0.16067354267065653	rm_rm	rm3_rm2	0.48
