ks_stat	p.value	Condition	sample_name	cutoff
0.16666666666666669	0.571059603512552	rm_gf	rm3_gf4	0.39
