ks_stat	p.value	Condition	sample_name	cutoff
0.15454545454545457	0.1827842379591016	rm_rm	rm3_rm3	0.17
