ks_stat	p.value	Condition	sample_name	cutoff
0.08888888888888888	0.40857744756553566	rm_gf	rm3_gf4	0.13
