ks_stat	p.value	Condition	sample_name	cutoff
0.20833333333333331	0.8505747126436782	rm_rm	rm3_rm2	0.77
