ks_stat	p.value	Condition	sample_name	cutoff
0.31818181818181857	4.668114728236828e-4	rm_rm	rm3_rm2	0.57
