ks_stat	p.value	Condition	sample_name	cutoff
0.2777777777777778	0.8015037593984963	rm_gf	rm3_gf2	0.75
