ks_stat	p.value	Condition	sample_name	cutoff
0.0757575757575758	0.7385379174198692	rm_gf	rm3_gf4	0.2
