ks_stat	p.value	Condition	sample_name	cutoff
0.11607142857142855	0.6612178979828738	rm_rm	rm3_rm4	0.41
