ks_stat	p.value	Condition	sample_name	cutoff
0.33333333333333337	0.7473684210526313	rm_gf	rm3_gf1	0.68
