ks_stat	p.value	Condition	sample_name	cutoff
0.14285714285714288	0.7107281538956189	rm_gf	rm3_gf4	0.28
