ks_stat	p.value	Condition	sample_name	cutoff
0.38095238095238093	0.011921556633974092	rm_rm	rm3_rm1	0.16
