ks_stat	p.value	Condition	sample_name	cutoff
0.23174603174603192	4.2408231679988e-4	rm_rm	rm3_rm4	0.13
