ks_stat	p.value	Condition	sample_name	cutoff
0.3333333333333333	0.35488721804511275	rm_gf	rm3_gf1	0.81
