ks_stat	p.value	Condition	sample_name	cutoff
0.3089591567852435	7.89754614910705e-8	rm_rm	rm3_rm2	0.29
