ks_stat	p.value	Condition	sample_name	cutoff
0.14285714285714285	0.11287955255847312	rm_gf	rm3_gf1	0.13
