ks_stat	p.value	Condition	sample_name	cutoff
0.14379084967320294	0.14584275875265018	rm_rm	rm3_rm4	0.25
