ks_stat	p.value	Condition	sample_name	cutoff
0.12087912087912099	0.22640607238542737	rm_rm	rm3_rm3	0.21
