ks_stat	p.value	Condition	sample_name	cutoff
0.09999999999999998	0.6180696901472386	rm_rm	rm3_rm3	0.34
