ks_stat	p.value	Condition	sample_name	cutoff
0.16666666666666666	0.47392454741036316	rm_gf	rm3_gf1	0.30
