ks_stat	p.value	Condition	sample_name	cutoff
0.4458333333333339	1.2393179223480287e-9	rm_rm	rm3_rm2	0.16
