ks_stat	p.value	Condition	sample_name	cutoff
0.19841269841269862	0.004057250899017492	rm_rm	rm3_rm2	0.2
