ks_stat	p.value	Condition	sample_name	cutoff
0.1944444444444443	0.4320159804084335	rm_rm	rm3_rm1	0.15
