ks_stat	p.value	Condition	sample_name	cutoff
0.39999999999999997	0.022395507573280952	rm_rm	rm3_rm1	0.19
