ks_stat	p.value	Condition	sample_name	cutoff
0.09090909090909093	0.6506772204389164	rm_rm	rm3_rm4	0.35
