ks_stat	p.value	Condition	sample_name	cutoff
0.1388888888888889	0.3865577320258897	rm_rm	rm3_rm3	0.58
