ks_stat	p.value	Condition	sample_name	cutoff
0.1631578947368419	0.03984930942448506	rm_rm	rm3_rm2	0.39
