ks_stat	p.value	Condition	sample_name	cutoff
0.38888888888888834	9.650287717101265e-9	rm_rm	rm3_rm2	0.47
