ks_stat	p.value	Condition	sample_name	cutoff
0.05311355311355307	0.8593470644050816	rm_rm	rm3_rm4	0.32
