ks_stat	p.value	Condition	sample_name	cutoff
0.10416666666666666	0.6930768236857168	rm_rm	rm3_rm3	0.63
