ks_stat	p.value	Condition	sample_name	cutoff
0.06140350877192982	0.9587125379251848	rm_gf	rm3_gf3	0.15
