ks_stat	p.value	Condition	sample_name	cutoff
0.24999999999999997	0.4949602122015914	rm_rm	rm3_rm1	0.78
