ks_stat	p.value	Condition	sample_name	cutoff
0.15795206971677578	0.08492635578544173	rm_rm	rm3_rm2	0.42
