ks_stat	p.value	Condition	sample_name	cutoff
0.12500000000000003	0.2807663661394838	rm_rm	rm3_rm3	0.52
