ks_stat	p.value	Condition	sample_name	cutoff
0.1363636363636366	0.18074866551643576	rm_gf	rm3_gf2	0.1
