ks_stat	p.value	Condition	sample_name	cutoff
0.10119047619047616	0.6661148291709498	rm_rm	rm3_rm1	0.41
