ks_stat	p.value	Condition	sample_name	cutoff
0.08187134502923976	0.7489224987130902	rm_rm	rm3_rm2	0.11
