ks_stat	p.value	Condition	sample_name	cutoff
0.061904761904761935	0.9234678416068596	rm_gf	rm3_gf3	0.14
