ks_stat	p.value	Condition	sample_name	cutoff
0.07142857142857142	0.9904787026640121	rm_gf	rm3_gf4	0.30
