ks_stat	p.value	Condition	sample_name	cutoff
0.26190476190476186	0.11410350178357587	rm_rm	rm3_rm1	0.13
