ks_stat	p.value	Condition	sample_name	cutoff
0.1666666666666666	0.8896551724137932	rm_gf	rm3_gf1	0.57
