ks_stat	p.value	Condition	sample_name	cutoff
0.14285714285714285	0.7064575520925013	rm_gf	rm3_gf4	0.32
