ks_stat	p.value	Condition	sample_name	cutoff
0.29649122807017514	4.844356898278335e-6	rm_rm	rm3_rm2	0.34
