ks_stat	p.value	Condition	sample_name	cutoff
0.19999999999999998	0.5899056774293965	rm_rm	rm3_rm3	0.78
