ks_stat	p.value	Condition	sample_name	cutoff
0.29761904761904795	6.891511594362356e-7	rm_rm	rm3_rm2	0.30
