ks_stat	p.value	Condition	sample_name	cutoff
0.24999999999999992	0.5923455854490338	rm_rm	rm3_rm4	0.66
