ks_stat	p.value	Condition	sample_name	cutoff
0.244736842105263	2.9830946557033794e-4	rm_rm	rm3_rm2	0.18
