ks_stat	p.value	Condition	sample_name	cutoff
0.07142857142857133	0.653686210986234	rm_rm	rm3_rm4	0.30
