ks_stat	p.value	Condition	sample_name	cutoff
0.3216374269005848	1.4284800185814406e-6	rm_rm	rm3_rm4	0.12
