ks_stat	p.value	Condition	sample_name	cutoff
0.20833333333333331	0.9042145593869733	rm_rm	rm3_rm4	0.7
