ks_stat	p.value	Condition	sample_name	cutoff
0.26023391812865493	1.8948886315090307e-4	rm_rm	rm3_rm2	0.27
