ks_stat	p.value	Condition	sample_name	cutoff
0.3921568627450976	3.276111026091975e-8	rm_rm	rm3_rm2	0.14
