ks_stat	p.value	Condition	sample_name	cutoff
0.2083333333333333	0.9042145593869733	rm_rm	rm3_rm1	0.25
