ks_stat	p.value	Condition	sample_name	cutoff
0.0808080808080808	0.6866717418189072	rm_rm	rm3_rm4	0.34
