ks_stat	p.value	Condition	sample_name	cutoff
0.11263736263736249	0.27806727588623464	rm_rm	rm3_rm4	0.27
