ks_stat	p.value	Condition	sample_name	cutoff
0.10606060606060605	0.45273914269173504	rm_rm	rm3_rm3	0.47
