ks_stat	p.value	Condition	sample_name	cutoff
0.11607142857142855	0.6626901802269034	rm_rm	rm3_rm4	0.43
