ks_stat	p.value	Condition	sample_name	cutoff
0.06127450980392154	0.9809152685441208	rm_gf	rm3_gf3	0.19
