ks_stat	p.value	Condition	sample_name	cutoff
0.1999999999999999	0.7286748970809691	rm_gf	rm3_gf4	0.49
