ks_stat	p.value	Condition	sample_name	cutoff
0.24999999999999992	0.5703372489579388	rm_gf	rm3_gf4	0.55
