ks_stat	p.value	Condition	sample_name	cutoff
0.07061403508771946	0.8567975212376018	rm_gf	rm3_gf3	0.1
