ks_stat	p.value	Condition	sample_name	cutoff
0.12820512820512817	0.25914290629152137	rm_rm	rm3_rm3	0.23
