ks_stat	p.value	Condition	sample_name	cutoff
0.07142857142857142	0.9790571347467785	rm_gf	rm3_gf2	0.21
