ks_stat	p.value	Condition	sample_name	cutoff
0.1388888888888889	0.42846439300669337	rm_gf	rm3_gf2	0.14
