ks_stat	p.value	Condition	sample_name	cutoff
0.09523809523809525	0.38261348774697934	rm_gf	rm3_gf3	0.21
