ks_stat	p.value	Condition	sample_name	cutoff
0.2777777777777778	0.4458646616541354	rm_gf	rm3_gf4	0.79
