ks_stat	p.value	Condition	sample_name	cutoff
0.3333333333333328	1.2157782361823841e-4	rm_gf	rm3_gf1	0.15
