ks_stat	p.value	Condition	sample_name	cutoff
0.1333333333333333	0.7524814102348945	rm_gf	rm3_gf3	0.47
