ks_stat	p.value	Condition	sample_name	cutoff
0.1388888888888889	0.693158114501901	rm_gf	rm3_gf2	0.26
