ks_stat	p.value	Condition	sample_name	cutoff
0.11666666666666667	0.8057954808401012	rm_gf	rm3_gf1	0.37
