ks_stat	p.value	Condition	sample_name	cutoff
0.2214912280701753	0.001468990383753709	rm_rm	rm3_rm2	0.28
