ks_stat	p.value	Condition	sample_name	cutoff
0.10818713450292397	0.4000171940572673	rm_gf	rm3_gf4	0.1
