ks_stat	p.value	Condition	sample_name	cutoff
0.19999999999999996	0.0280568562614572	rm_rm	rm3_rm2	0.12
