ks_stat	p.value	Condition	sample_name	cutoff
0.13095238095238093	0.4969304580034567	rm_rm	rm3_rm1	0.6
