ks_stat	p.value	Condition	sample_name	cutoff
0.13636363636363655	0.23840675641601816	rm_gf	rm3_gf4	0.23
