ks_stat	p.value	Condition	sample_name	cutoff
0.14285714285714285	0.6827165734223092	rm_rm	rm3_rm3	0.72
