ks_stat	p.value	Condition	sample_name	cutoff
0.20833333333333331	0.9042145593869733	rm_gf	rm3_gf2	0.52
