ks_stat	p.value	Condition	sample_name	cutoff
0.1470588235294115	0.1606735426706591	rm_gf	rm3_gf3	0.16
