ks_stat	p.value	Condition	sample_name	cutoff
0.19682539682539701	0.004478620821673936	rm_rm	rm3_rm2	0.23
