ks_stat	p.value	Condition	sample_name	cutoff
0.10784313725490198	0.5066940194412644	rm_gf	rm3_gf4	0.11
