ks_stat	p.value	Condition	sample_name	cutoff
0.2251461988304094	0.0019472138084063954	rm_rm	rm3_rm2	0.36
