ks_stat	p.value	Condition	sample_name	cutoff
0.11111111111111116	0.6874719172422313	rm_rm	rm3_rm3	0.1
