ks_stat	p.value	Condition	sample_name	cutoff
0.11538461538461538	0.3732821123535187	rm_rm	rm3_rm2	0.54
