ks_stat	p.value	Condition	sample_name	cutoff
0.10416666666666666	0.7374036306775953	rm_gf	rm3_gf2	0.18
