ks_stat	p.value	Condition	sample_name	cutoff
0.06666666666666664	0.8751957936916253	rm_gf	rm3_gf3	0.13
