ks_stat	p.value	Condition	sample_name	cutoff
0.184095860566449	0.027373130801677043	rm_rm	rm3_rm2	0.45
