ks_stat	p.value	Condition	sample_name	cutoff
0.13492063492063489	0.12901207339060472	rm_rm	rm3_rm4	0.26
