ks_stat	p.value	Condition	sample_name	cutoff
0.14999999999999997	0.6808772601006325	rm_rm	rm3_rm4	0.53
