ks_stat	p.value	Condition	sample_name	cutoff
0.08974358974358974	0.5945631348982442	rm_gf	rm3_gf4	0.18
