ks_stat	p.value	Condition	sample_name	cutoff
0.3666666666666669	5.953051531417719e-8	rm_rm	rm3_rm2	0.52
