ks_stat	p.value	Condition	sample_name	cutoff
0.30000000000000004	0.21540644275464008	rm_gf	rm3_gf1	0.38
