ks_stat	p.value	Condition	sample_name	cutoff
0.30000000000000004	0.2921009352460965	rm_rm	rm3_rm1	0.23
