ks_stat	p.value	Condition	sample_name	cutoff
0.10606060606060586	0.4568847574055761	rm_gf	rm3_gf1	0.2
