ks_stat	p.value	Condition	sample_name	cutoff
0.08974358974358973	0.6017047674259788	rm_gf	rm3_gf4	0.21
