ks_stat	p.value	Condition	sample_name	cutoff
0.19999999999999998	0.6943245610228531	rm_rm	rm3_rm1	0.69
