ks_stat	p.value	Condition	sample_name	cutoff
0.14999999999999997	0.6573391750173874	rm_rm	rm3_rm1	0.33
