ks_stat	p.value	Condition	sample_name	cutoff
0.1444444444444445	0.31007755561916917	rm_rm	rm3_rm3	0.55
