ks_stat	p.value	Condition	sample_name	cutoff
0.11011904761904762	0.654382491266101	rm_gf	rm3_gf2	0.17
