ks_stat	p.value	Condition	sample_name	cutoff
0.22149122807017518	0.0014689903837537181	rm_rm	rm4_rm2	0.28
