ks_stat	p.value	Condition	sample_name	cutoff
0.23333333333333336	0.03363604072189501	rm_gf	rm4_gf3	0.29
