ks_stat	p.value	Condition	sample_name	cutoff
0.16666666666666727	0.2855257482887045	rm_rm	rm4_rm3	0.1
