ks_stat	p.value	Condition	sample_name	cutoff
0.24603174603174613	1.4473834278797007e-4	rm_rm	rm4_rm2	0.24
