ks_stat	p.value	Condition	sample_name	cutoff
0.217948717948718	0.012354994007679617	rm_rm	rm4_rm2	0.54
