ks_stat	p.value	Condition	sample_name	cutoff
0.16666666666666677	0.025176234264884745	rm_gf	rm4_gf3	0.11
