ks_stat	p.value	Condition	sample_name	cutoff
0.11111111111111115	0.5895044184134177	rm_rm	rm4_rm3	0.36
