ks_stat	p.value	Condition	sample_name	cutoff
0.21428571428571425	8.92808421395809e-4	rm_rm	rm4_rm2	0.21
