ks_stat	p.value	Condition	sample_name	cutoff
0.2708333333333332	0.06466113911824825	rm_rm	rm4_rm1	0.11
