ks_stat	p.value	Condition	sample_name	cutoff
0.4208333333333339	1.2499295425574065e-8	rm_rm	rm4_rm2	0.16
