ks_stat	p.value	Condition	sample_name	cutoff
0.16666666666666666	0.9399772641151952	rm_gf	rm4_gf3	0.56
