ks_stat	p.value	Condition	sample_name	cutoff
0.22058823529411747	0.006880102232911494	rm_rm	rm4_rm2	0.49
