ks_stat	p.value	Condition	sample_name	cutoff
0.14912280701754377	0.09545819709788589	rm_rm	rm4_rm2	0.46
