ks_stat	p.value	Condition	sample_name	cutoff
0.14285714285714285	0.6679460695363166	rm_rm	rm4_rm3	0.64
