ks_stat	p.value	Condition	sample_name	cutoff
0.09696969696969696	0.5613263438353651	rm_rm	rm4_rm3	0.37
