ks_stat	p.value	Condition	sample_name	cutoff
0.12087912087912099	0.21715740092302604	rm_rm	rm4_rm3	0.21
