ks_stat	p.value	Condition	sample_name	cutoff
0.09343434343434351	0.5059191206190186	rm_rm	rm4_rm3	0.38
