ks_stat	p.value	Condition	sample_name	cutoff
0.31127450980392113	2.4874416148531548e-5	rm_rm	rm4_rm2	0.13
