ks_stat	p.value	Condition	sample_name	cutoff
0.13636363636363655	0.22734548962101686	rm_rm	rm4_rm3	0.52
