ks_stat	p.value	Condition	sample_name	cutoff
0.10000000000000002	0.6042135747511428	rm_gf	rm4_gf2	0.11
