ks_stat	p.value	Condition	sample_name	cutoff
0.22348484848484812	0.017591639312569442	rm_gf	rm4_gf1	0.15
