ks_stat	p.value	Condition	sample_name	cutoff
0.33888888888888885	0.0019798429951467965	rm_rm	rm4_rm1	0.1
