ks_stat	p.value	Condition	sample_name	cutoff
0.2200263504611333	3.5174850226980526e-4	rm_rm	rm4_rm2	0.29
