ks_stat	p.value	Condition	sample_name	cutoff
0.3333333333333333	0.01912873442937842	rm_rm	rm4_rm1	0.64
