ks_stat	p.value	Condition	sample_name	cutoff
0.08058608058608056	0.5740032270005235	rm_rm	rm4_rm3	0.2
