ks_stat	p.value	Condition	sample_name	cutoff
0.10119047619047616	0.7545178914464394	rm_rm	rm4_rm1	0.41
