ks_stat	p.value	Condition	sample_name	cutoff
0.16666666666666646	0.1909370887088644	rm_rm	rm4_rm4	0.36
