ks_stat	p.value	Condition	sample_name	cutoff
0.11666666666666667	0.8105595413280786	rm_gf	rm4_gf1	0.24
