ks_stat	p.value	Condition	sample_name	cutoff
0.0606060606060606	0.8720208165138625	rm_gf	rm4_gf3	0.24
