ks_stat	p.value	Condition	sample_name	cutoff
0.38541666666666724	2.6282952027064215e-7	rm_gf	rm4_gf4	0.12
