ks_stat	p.value	Condition	sample_name	cutoff
0.10303030303030317	0.5627914208623517	rm_gf	rm4_gf3	0.26
