ks_stat	p.value	Condition	sample_name	cutoff
0.1666666666666659	0.08343683940483579	rm_gf	rm4_gf1	0.2
