ks_stat	p.value	Condition	sample_name	cutoff
0.13636363636363655	0.22600075182079762	rm_rm	rm4_rm3	0.48
