ks_stat	p.value	Condition	sample_name	cutoff
0.13671023965141627	0.18746182424519042	rm_rm	rm4_rm2	0.42
