ks_stat	p.value	Condition	sample_name	cutoff
0.10416666666666666	0.6806437256145281	rm_rm	rm4_rm3	0.63
