ks_stat	p.value	Condition	sample_name	cutoff
0.20833333333333331	0.7858784893267654	rm_rm	rm4_rm4	0.73
