ks_stat	p.value	Condition	sample_name	cutoff
0.20454545454545442	0.028649177521460758	rm_rm	rm4_rm2	0.56
