ks_stat	p.value	Condition	sample_name	cutoff
0.2777777777777778	0.851127819548872	rm_rm	rm4_rm1	0.84
