ks_stat	p.value	Condition	sample_name	cutoff
0.16666666666666738	0.24202607981624583	rm_rm	rm4_rm4	0.4
