ks_stat	p.value	Condition	sample_name	cutoff
0.23809523809523808	0.23104909054001932	rm_rm	rm4_rm1	0.18
