ks_stat	p.value	Condition	sample_name	cutoff
0.14545454545454545	0.2541841952466136	rm_rm	rm4_rm3	0.29
