ks_stat	p.value	Condition	sample_name	cutoff
0.20562770562770588	0.0016444400003464837	rm_rm	rm4_rm2	0.31
