ks_stat	p.value	Condition	sample_name	cutoff
0.0982142857142857	0.796379861767232	rm_rm	rm4_rm4	0.45
