ks_stat	p.value	Condition	sample_name	cutoff
0.35964912280701733	4.133361847083639e-8	rm_rm	rm4_rm2	0.33
