ks_stat	p.value	Condition	sample_name	cutoff
0.20000000000000023	0.07212936703993092	rm_gf	rm4_gf1	0.16
