ks_stat	p.value	Condition	sample_name	cutoff
0.17777777777777778	0.024506797044176153	rm_rm	rm4_rm2	0.5
