ks_stat	p.value	Condition	sample_name	cutoff
0.16666666666666666	0.44120189394736026	rm_rm	rm4_rm1	0.61
