ks_stat	p.value	Condition	sample_name	cutoff
0.09523809523809523	0.9347949409096926	rm_gf	rm4_gf4	0.27
