ks_stat	p.value	Condition	sample_name	cutoff
0.1777777777777777	0.15935880127769922	rm_rm	rm4_rm1	0.47
