ks_stat	p.value	Condition	sample_name	cutoff
0.4476190476190472	3.9440007438124094e-14	rm_rm	rm4_rm4	0.13
