ks_stat	p.value	Condition	sample_name	cutoff
0.36140350877193	9.058795498964312e-9	rm_rm	rm4_rm2	0.18
