ks_stat	p.value	Condition	sample_name	cutoff
0.2807017543859649	4.166703839619831e-5	rm_rm	rm4_rm2	0.35
