ks_stat	p.value	Condition	sample_name	cutoff
0.3333333333333336	4.497817540525332e-4	rm_gf	rm4_gf1	0.17
