ks_stat	p.value	Condition	sample_name	cutoff
0.10185185185185185	0.708385930098693	rm_gf	rm4_gf2	0.14
