ks_stat	p.value	Condition	sample_name	cutoff
0.10303030303030317	0.5601990758601003	rm_gf	rm4_gf3	0.25
