ks_stat	p.value	Condition	sample_name	cutoff
0.16666666666666666	0.7591680350301041	rm_gf	rm4_gf2	0.48
