ks_stat	p.value	Condition	sample_name	cutoff
0.2076023391812866	0.005501363694617544	rm_rm	rm4_rm2	0.27
