ks_stat	p.value	Condition	sample_name	cutoff
0.23809523809523828	2.650944850907285e-4	rm_rm	rm4_rm2	0.23
