ks_stat	p.value	Condition	sample_name	cutoff
0.19335511982570847	0.017584802822943797	rm_rm	rm4_rm2	0.26
