ks_stat	p.value	Condition	sample_name	cutoff
0.33333333333333337	0.5714285714285714	rm_gf	rm4_gf2	0.75
