ks_stat	p.value	Condition	sample_name	cutoff
0.3104166666666671	6.874589308269733e-5	rm_rm	rm4_rm4	0.11
