ks_stat	p.value	Condition	sample_name	cutoff
0.16666666666666685	0.029842974896365775	rm_rm	rm4_rm4	0.26
