ks_stat	p.value	Condition	sample_name	cutoff
0.09523809523809522	0.7948156219201872	rm_rm	rm4_rm1	0.43
