ks_stat	p.value	Condition	sample_name	cutoff
0.13636363636363666	0.24212904051019546	rm_rm	rm4_rm3	0.26
