ks_stat	p.value	Condition	sample_name	cutoff
0.23333333333333336	0.4103105435623163	rm_gf	rm4_gf3	0.52
