ks_stat	p.value	Condition	sample_name	cutoff
0.1388888888888889	0.21146462918444753	rm_gf	rm4_gf2	0.1
