ks_stat	p.value	Condition	sample_name	cutoff
0.08585858585858563	0.681512789478794	rm_rm	rm4_rm3	0.54
