ks_stat	p.value	Condition	sample_name	cutoff
0.14760348583878014	0.1267212275364992	rm_rm	rm4_rm2	0.1
