ks_stat	p.value	Condition	sample_name	cutoff
0.18137254901960795	0.04321373905265227	rm_rm	rm4_rm2	0.41
