ks_stat	p.value	Condition	sample_name	cutoff
0.1222222222222222	0.8220580494165528	rm_rm	rm4_rm1	0.33
