ks_stat	p.value	Condition	sample_name	cutoff
0.36764705882352894	2.8718037322849205e-7	rm_rm	rm4_rm2	0.15
