ks_stat	p.value	Condition	sample_name	cutoff
0.37777777777777805	8.507547967943188e-8	rm_gf	rm4_gf4	0.14
