ks_stat	p.value	Condition	sample_name	cutoff
0.4000000000000001	2.7274933089434918e-5	rm_gf	rm4_gf1	0.19
