ks_stat	p.value	Condition	sample_name	cutoff
0.16969696969696973	0.13499530241496435	rm_rm	rm4_rm3	0.18
