ks_stat	p.value	Condition	sample_name	cutoff
0.24358974358974367	0.004542028114035935	rm_rm	rm4_rm4	0.1
