ks_stat	p.value	Condition	sample_name	cutoff
0.14444444444444443	0.6767401268491771	rm_gf	rm4_gf3	0.47
