ks_stat	p.value	Condition	sample_name	cutoff
0.3596491228070162	4.1333618470841087e-8	rm_rm	rm4_rm4	0.17
