ks_stat	p.value	Condition	sample_name	cutoff
0.19230769230769235	0.04261756624769769	rm_rm	rm4_rm3	0.19
