ks_stat	p.value	Condition	sample_name	cutoff
0.13095238095238093	0.566706798400106	rm_rm	rm4_rm1	0.58
