ks_stat	p.value	Condition	sample_name	cutoff
0.40350877192982115	4.243183869103215e-10	rm_rm	rm4_rm4	0.16
