ks_stat	p.value	Condition	sample_name	cutoff
0.16666666666666502	0.044741042809060036	rm_gf	rm4_gf3	0.12
