ks_stat	p.value	Condition	sample_name	cutoff
0.19444444444444436	0.4649608703636323	rm_rm	rm4_rm1	0.14
