ks_stat	p.value	Condition	sample_name	cutoff
0.21428571428571427	0.2547528056822554	rm_gf	rm4_gf1	0.36
