ks_stat	p.value	Condition	sample_name	cutoff
0.6543859649122816	8.807497570751907e-28	rm_rm	rm4_rm4	0.14
