ks_stat	p.value	Condition	sample_name	cutoff
0.06060606060606057	0.8797213608521663	rm_gf	rm4_gf3	0.23
