ks_stat	p.value	Condition	sample_name	cutoff
0.16666666666666655	0.2043235177214132	rm_gf	rm4_gf4	0.25
