ks_stat	p.value	Condition	sample_name	cutoff
0.1363636363636365	0.25500568059456247	rm_rm	rm4_rm3	0.4
