ks_stat	p.value	Condition	sample_name	cutoff
0.3333333333333333	0.40601503759398494	rm_gf	rm4_gf1	0.51
