ks_stat	p.value	Condition	sample_name	cutoff
0.16666666666666685	0.7389209563383137	rm_gf	rm4_gf2	0.27
