ks_stat	p.value	Condition	sample_name	cutoff
0.23333333333333334	0.25272241642092036	rm_rm	rm4_rm1	0.68
