ks_stat	p.value	Condition	sample_name	cutoff
0.06190476190476189	0.9234678416068599	rm_gf	rm4_gf3	0.14
