ks_stat	p.value	Condition	sample_name	cutoff
0.1777777777777778	0.1532447110277821	rm_gf	rm4_gf3	0.36
