ks_stat	p.value	Condition	sample_name	cutoff
0.16250000000000003	0.11958433680171837	rm_rm	rm4_rm2	0.51
