ks_stat	p.value	Condition	sample_name	cutoff
0.4999999999999998	3.8029447748600065e-4	rm_rm	rm4_rm3	0.11
