ks_stat	p.value	Condition	sample_name	cutoff
0.2222222222222222	0.9398496240601503	rm_rm	rm4_rm3	0.89
