ks_stat	p.value	Condition	sample_name	cutoff
0.39215686274509715	3.276111026092115e-8	rm_rm	rm4_rm2	0.14
