ks_stat	p.value	Condition	sample_name	cutoff
0.1339869281045754	0.20574798365061847	rm_rm	rm4_rm2	0.45
