ks_stat	p.value	Condition	sample_name	cutoff
0.05847953216374269	0.9734503646919831	rm_gf	rm4_gf3	0.15
