ks_stat	p.value	Condition	sample_name	cutoff
0.16666666666666718	0.13030360819314424	rm_rm	rm4_rm4	0.35
