ks_stat	p.value	Condition	sample_name	cutoff
0.30952380952380953	5.595468743381484e-7	rm_rm	rm4_rm2	0.2
