ks_stat	p.value	Condition	sample_name	cutoff
0.1282051282051282	0.22876844776654648	rm_rm	rm4_rm2	0.53
