ks_stat	p.value	Condition	sample_name	cutoff
0.16363636363636364	0.19127431654359608	rm_gf	rm4_gf4	0.24
