ks_stat	p.value	Condition	sample_name	cutoff
0.15909090909090914	0.15406377178558198	rm_gf	rm4_gf4	0.23
