ks_stat	p.value	Condition	sample_name	cutoff
0.12037037037037036	0.5549614322124041	rm_gf	rm4_gf3	0.37
