ks_stat	p.value	Condition	sample_name	cutoff
0.1111111111111111	0.6381593659038536	rm_rm	rm4_rm3	0.35
