ks_stat	p.value	Condition	sample_name	cutoff
0.43333333333333296	1.1929185873314841e-5	rm_rm	rm4_rm2	0.6
