ks_stat	p.value	Condition	sample_name	cutoff
0.23026315789473675	8.200962777419164e-4	rm_rm	rm4_rm2	0.25
