ks_stat	p.value	Condition	sample_name	cutoff
0.369047619047619	4.4662571208901007e-7	rm_gf	rm4_gf4	0.17
