ks_stat	p.value	Condition	sample_name	cutoff
0.24999999999999997	0.6413793103448276	rm_rm	rm4_rm1	0.79
