ks_stat	p.value	Condition	sample_name	cutoff
0.09523809523809523	0.8962998125127352	rm_rm	rm4_rm4	0.47
