ks_stat	p.value	Condition	sample_name	cutoff
0.22619047619047616	0.09990352382268555	rm_rm	rm4_rm1	0.51
