ks_stat	p.value	Condition	sample_name	cutoff
0.08412698412698413	0.4846323085425928	rm_gf	rm4_gf3	0.21
