ks_stat	p.value	Condition	sample_name	cutoff
0.1666666666666659	0.05936085079355266	rm_rm	rm4_rm4	0.18
