ks_stat	p.value	Condition	sample_name	cutoff
0.28125000000000017	4.33181902749364e-4	rm_rm	rm4_rm2	0.12
