ks_stat	p.value	Condition	sample_name	cutoff
0.4315476190476189	4.096139379325079e-4	rm_rm	rm4_rm2	0.63
