ks_stat	p.value	Condition	sample_name	cutoff
0.12820512820512817	0.2745140682879109	rm_rm	rm4_rm3	0.23
