ks_stat	p.value	Condition	sample_name	cutoff
0.16666666666666435	0.0447410428090614	rm_rm	rm4_rm4	0.21
