ks_stat	p.value	Condition	sample_name	cutoff
0.16666666666666666	0.9434129089301504	rm_gf	rm4_gf2	0.57
