ks_stat	p.value	Condition	sample_name	cutoff
0.30555555555555536	0.0832905136082885	rm_rm	rm4_rm2	0.69
