ks_stat	p.value	Condition	sample_name	cutoff
0.26361655773420484	3.0166551757339745e-4	rm_rm	rm4_rm2	0.4
