ks_stat	p.value	Condition	sample_name	cutoff
0.14285714285714285	0.6635606651380773	rm_gf	rm4_gf4	0.35
