ks_stat	p.value	Condition	sample_name	cutoff
0.29084967320261407	4.4583611012539735e-5	rm_rm	rm4_rm2	0.47
