ks_stat	p.value	Condition	sample_name	cutoff
0.09999999999999995	0.9814491774943188	rm_rm	rm4_rm1	0.27
