ks_stat	p.value	Condition	sample_name	cutoff
0.09259259259259259	0.8002236796960367	rm_rm	rm4_rm3	0.62
