ks_stat	p.value	Condition	sample_name	cutoff
0.14285714285714285	0.61006097832241	rm_rm	rm4_rm1	0.42
