ks_stat	p.value	Condition	sample_name	cutoff
0.10317460317460317	0.3230314050055477	rm_rm	rm4_rm2	0.52
