ks_stat	p.value	Condition	sample_name	cutoff
0.31666666666666643	0.0017146972260928832	rm_rm	rm4_rm3	0.16
