ks_stat	p.value	Condition	sample_name	cutoff
0.049019607843137206	0.9989990712966316	rm_gf	rm4_gf3	0.2
