ks_stat	p.value	Condition	sample_name	cutoff
0.36842105263157876	1.7253102198017994e-8	rm_rm	rm4_rm2	0.19
