ks_stat	p.value	Condition	sample_name	cutoff
0.16666666666666713	0.033611766780772635	rm_gf	rm4_gf3	0.1
