ks_stat	p.value	Condition	sample_name	cutoff
0.18681318681318676	0.02658072998306659	rm_gf	rm4_gf1	0.14
