ks_stat	p.value	Condition	sample_name	cutoff
0.11695906432748537	0.30672883103341486	rm_rm	rm4_rm2	0.11
