ks_stat	p.value	Condition	sample_name	cutoff
0.0714285714285714	0.9265868913283517	rm_gf	rm4_gf2	0.15
