ks_stat	p.value	Condition	sample_name	cutoff
0.23809523809523805	0.22797580720729552	rm_rm	rm4_rm1	0.13
