ks_stat	p.value	Condition	sample_name	cutoff
0.1666666666666655	0.07847238703468189	rm_gf	rm4_gf4	0.11
