ks_stat	p.value	Condition	sample_name	cutoff
0.1282051282051282	0.29218620329641354	rm_gf	rm4_gf4	0.18
