ks_stat	p.value	Condition	sample_name	cutoff
0.23333333333333328	0.47646528493302687	rm_rm	rm4_rm1	0.69
