ks_stat	p.value	Condition	sample_name	cutoff
0.16666666666666663	0.7206241883661235	rm_rm	rm4_rm1	0.34
