ks_stat	p.value	Condition	sample_name	cutoff
0.40058479532163743	5.852982303865105e-10	rm_rm	rm4_rm4	0.12
