ks_stat	p.value	Condition	sample_name	cutoff
0.14285714285714285	0.6781329764420105	rm_rm	rm4_rm1	0.29
