ks_stat	p.value	Condition	sample_name	cutoff
0.10858585858585851	0.42988157924769	rm_gf	rm4_gf4	0.2
