ks_stat	p.value	Condition	sample_name	cutoff
0.12037037037037036	0.5316664694268677	rm_rm	rm4_rm3	0.59
