ks_stat	p.value	Condition	sample_name	cutoff
0.29629629629629634	0.0071752792935033515	rm_rm	rm4_rm1	0.52
