ks_stat	p.value	Condition	sample_name	cutoff
0.0931372549019608	0.6927582680319015	rm_gf	rm4_gf3	0.18
