ks_stat	p.value	Condition	sample_name	cutoff
0.15740740740740738	0.32273615722506255	rm_rm	rm4_rm3	0.58
