ks_stat	p.value	Condition	sample_name	cutoff
0.3181818181818187	5.507799577149079e-4	rm_rm	rm4_rm2	0.57
