ks_stat	p.value	Condition	sample_name	cutoff
0.3333333333333333	0.6030075187969924	rm_gf	rm4_gf1	0.68
