ks_stat	p.value	Condition	sample_name	cutoff
0.19999999999999996	0.6645719947927078	rm_gf	rm4_gf4	0.48
