ks_stat	p.value	Condition	sample_name	cutoff
0.374269005847953	9.524238002653216e-9	rm_rm	rm4_rm2	0.17
