ks_stat	p.value	Condition	sample_name	cutoff
0.2333333333333334	0.4021167752192419	rm_rm	rm4_rm2	0.73
