ks_stat	p.value	Condition	sample_name	cutoff
0.14285714285714285	0.6526108988727177	rm_gf	rm4_gf4	0.32
