ks_stat	p.value	Condition	sample_name	cutoff
0.1777777777777778	0.14358779625389306	rm_gf	rm4_gf3	0.35
