ks_stat	p.value	Condition	sample_name	cutoff
0.16666666666666666	0.9207780725022102	rm_gf	rm4_gf4	0.58
