ks_stat	p.value	Condition	sample_name	cutoff
0.2777777777777778	0.8533834586466165	rm_rm	rm4_rm4	0.79
