ks_stat	p.value	Condition	sample_name	cutoff
0.2964912280701751	4.844356898278361e-6	rm_rm	rm4_rm2	0.39
