ks_stat	p.value	Condition	sample_name	cutoff
0.08333333333333333	0.7920418304781504	rm_rm	rm4_rm3	0.56
