ks_stat	p.value	Condition	sample_name	cutoff
0.13095238095238093	0.5557964137262293	rm_gf	rm4_gf3	0.39
