ks_stat	p.value	Condition	sample_name	cutoff
0.5000000000000006	5.622440910219937e-7	rm_rm	rm4_rm3	0.13
