ks_stat	p.value	Condition	sample_name	cutoff
0.4666666666666667	0.00934697055989376	rm_gf	rm4_gf4	0.63
