ks_stat	p.value	Condition	sample_name	cutoff
0.19999999999999996	0.4065844722407337	rm_gf	rm4_gf4	0.36
