ks_stat	p.value	Condition	sample_name	cutoff
0.16666666666666657	0.7964361695511202	rm_rm	rm4_rm1	0.23
