ks_stat	p.value	Condition	sample_name	cutoff
0.1339285714285714	0.5821286225566772	rm_gf	rm4_gf2	0.17
