ks_stat	p.value	Condition	sample_name	cutoff
0.1339285714285714	0.56883590138981	rm_gf	rm4_gf2	0.18
