ks_stat	p.value	Condition	sample_name	cutoff
0.15555555555555545	0.29224718124585003	rm_rm	rm4_rm3	0.34
