ks_stat	p.value	Condition	sample_name	cutoff
0.14285714285714285	0.6819511571430477	rm_gf	rm4_gf3	0.44
