ks_stat	p.value	Condition	sample_name	cutoff
0.2598039215686275	3.883879046679657e-4	rm_gf	rm4_gf1	0.1
