ks_stat	p.value	Condition	sample_name	cutoff
0.14166666666666666	0.23475335094986527	rm_gf	rm4_gf1	0.12
