ks_stat	p.value	Condition	sample_name	cutoff
0.16666666666666685	0.03113981621626085	rm_rm	rm4_rm4	0.30
