ks_stat	p.value	Condition	sample_name	cutoff
0.1666666666666664	0.6098368740425255	rm_gf	rm4_gf2	0.25
