ks_stat	p.value	Condition	sample_name	cutoff
0.14999999999999997	0.7280568500298976	rm_rm	rm4_rm1	0.31
