ks_stat	p.value	Condition	sample_name	cutoff
0.19117647058823492	0.028230288040777936	rm_rm	rm4_rm2	0.44
