ks_stat	p.value	Condition	sample_name	cutoff
0.24999999999999997	0.6206896551724139	rm_rm	rm4_rm4	0.68
