ks_stat	p.value	Condition	sample_name	cutoff
0.23333333333333328	0.4982156642310942	rm_rm	rm4_rm3	0.76
