ks_stat	p.value	Condition	sample_name	cutoff
0.29166666666666663	0.5743033977516736	rm_rm	rm4_rm3	0.82
