ks_stat	p.value	Condition	sample_name	cutoff
0.16666666666666663	0.08092954698823329	rm_rm	rm4_rm4	0.29
