ks_stat	p.value	Condition	sample_name	cutoff
0.1444444444444444	0.7144957162785174	rm_rm	rm4_rm1	0.39
