ks_stat	p.value	Condition	sample_name	cutoff
0.19999999999999996	0.5738780938021923	rm_gf	rm4_gf3	0.69
