ks_stat	p.value	Condition	sample_name	cutoff
0.16071428571428567	0.40109811069201884	rm_gf	rm4_gf4	0.29
