ks_stat	p.value	Condition	sample_name	cutoff
0.17222222222222222	0.6130505940237972	rm_rm	rm4_rm4	0.53
