ks_stat	p.value	Condition	sample_name	cutoff
0.19553376906318104	0.015795981095358957	rm_rm	rm4_rm4	0.2
