ks_stat	p.value	Condition	sample_name	cutoff
0.0934343434343434	0.5440381198444868	rm_rm	rm4_rm3	0.46
