ks_stat	p.value	Condition	sample_name	cutoff
0.33333333333333337	0.6278195488721804	rm_gf	rm4_gf3	0.74
