ks_stat	p.value	Condition	sample_name	cutoff
0.09206349206349203	0.5167756328172888	rm_gf	rm4_gf3	0.13
