ks_stat	p.value	Condition	sample_name	cutoff
0.22222222222222227	0.08364761580033289	rm_gf	rm4_gf1	0.21
