ks_stat	p.value	Condition	sample_name	cutoff
0.19047619047619066	0.0065970112751232044	rm_rm	rm4_rm2	0.32
