ks_stat	p.value	Condition	sample_name	cutoff
0.1363636363636364	0.21761335754505878	rm_rm	rm4_rm3	0.28
