ks_stat	p.value	Condition	sample_name	cutoff
0.20833333333333331	0.6993810786914234	rm_rm	rm4_rm2	0.76
