ks_stat	p.value	Condition	sample_name	cutoff
0.17777777777777765	0.5974026785498903	rm_rm	rm4_rm1	0.21
