ks_stat	p.value	Condition	sample_name	cutoff
0.15740740740740738	0.33049847560553314	rm_rm	rm4_rm1	0.49
