ks_stat	p.value	Condition	sample_name	cutoff
0.0946969696969697	0.4995064864736735	rm_rm	rm4_rm3	0.39
