ks_stat	p.value	Condition	sample_name	cutoff
0.1666666666666664	0.03664988353778348	rm_rm	rm4_rm4	0.32
