ks_stat	p.value	Condition	sample_name	cutoff
0.37777777777777805	1.6639277311401757e-7	rm_gf	rm4_gf4	0.13
