ks_stat	p.value	Condition	sample_name	cutoff
0.1666666666666664	0.050626999268238534	rm_rm	rm4_rm4	0.27
