ks_stat	p.value	Condition	sample_name	cutoff
0.24999999999999997	0.5458885941644561	rm_gf	rm4_gf3	0.71
