ks_stat	p.value	Condition	sample_name	cutoff
0.3333333333333333	0.36181213422592734	rm_gf	rm4_gf1	0.66
